caffeine,theanine,tannins,catechins,color,label
4.334688137811414,10.038075050778122,17.00247172765442,75.10634477564258,6.040336405554691,Да Хун Пао
3.7294548060156694,11.85480689572776,15.482563533970044,83.98292973674708,7.544449478118673,Да Хун Пао
3.5441186546623182,10.153312398365257,16.227319413482597,61.81447560410412,4.412507176268699,Да Хун Пао
3.497507334117721,8.127018496328898,13.896864321047573,47.072243802166874,6.014885875207596,Да Хун Пао
4.168919552422865,4.01975600329625,21.019641415552236,25.840697129169968,10.0,Шу пуэр
3.2679756383570955,6.569241447500306,15.254219200298332,108.15704712997464,5.313062378334154,Да Хун Пао
4.2059220732626175,6.6200472610425924,13.914633807545046,89.37817895869199,6.04630996479414,Да Хун Пао
4.041464169758713,10.600429171548614,14.237328339447991,104.17865716201236,7.075722967494192,Да Хун Пао
4.318443381343827,11.053700816827948,22.90938503082249,133.5183235932048,3.7767102779460155,Шэн пуэр
3.0940541542350584,12.791345890830588,9.620152317955485,138.67421067969667,3.061704634050368,Тегуань инь
4.108539641101978,12.914316071212747,19.075759988979197,128.98889797784707,3.6133163575117173,Шэн пуэр
2.8718242060990398,9.170327539824166,12.672372200024341,120.46375917049049,4.319013197741397,Тегуань инь
3.7012371804922974,9.920724663454545,16.53154985033311,79.64865561198776,5.736409849841756,Да Хун Пао
4.710237827528495,8.85353253179154,20.773652657598408,134.65082785161042,1.2611885630566664,Шэн пуэр
4.220430289031316,9.69036737272149,16.204672238109644,137.0749343351837,4.699673275352863,Шэн пуэр
4.2963138027494505,7.880058119633459,16.466807460538316,136.45625551064467,3.55432044394679,Шэн пуэр
3.858085571556913,6.999648411315436,21.618389463706347,59.62369910319865,10.0,Шу пуэр
4.570734867898243,10.871631079173318,17.615970101535574,122.33315348448693,3.7216335596989016,Шэн пуэр
4.427815562649223,11.46162603954536,21.238174169702052,137.4598623946795,6.857473075464706,Шэн пуэр
3.8571240689881234,3.143223058563165,19.478343083190833,37.059935532324765,8.729603057904558,Шу пуэр
3.9499364312887395,7.841589975088834,16.847118944530067,82.273111936479,6.568444305594613,Да Хун Пао
2.616618727704114,10.401359063279425,11.671615792628675,117.50763237075401,2.91514946833799,Тегуань инь
3.7487363213198157,6.08380345199015,18.87638691294882,40.663255043502744,8.761563649019697,Шу пуэр
3.688574679175379,8.165159205567418,11.283473210282422,48.350740296800424,4.676411698598611,Да Хун Пао
3.2747707627068037,12.565034780623597,9.972706416409407,144.25311597747913,3.8867590544047386,Тегуань инь
2.803756067979661,11.693266353904432,10.316238169810218,129.47972225642093,2.2074741695420856,Тегуань инь
3.3897684893358195,13.523851174518127,8.844922225288698,112.65374725648186,3.6140991771126236,Тегуань инь
3.86280847127117,11.367825836976117,22.387532481524985,128.28286261575832,4.389959944197748,Шэн пуэр
3.7433057308175823,11.676925273377389,17.628786015283474,146.40260720032137,4.025770193694991,Шэн пуэр
3.6089954904085273,8.049098170163775,19.03865484733478,138.5916226022245,4.354478954995456,Шэн пуэр
3.598053041116407,6.577529363384293,20.06539045050654,53.062341555499586,8.82363404951067,Шу пуэр
3.8741587398021986,9.45702140899374,11.049014750572173,94.44010706084437,3.003796251621459,Тегуань инь
3.5950724595244474,7.78047921775482,14.371026613169487,56.95591528933633,5.372422758788971,Да Хун Пао
3.145556279621354,7.60714046938132,24.42830523158382,57.48508134825728,10.0,Шу пуэр
3.0455735672619384,7.03932463953465,21.7438687330389,48.327185229172464,7.89933873576564,Шу пуэр
2.9984634399839787,14.006266400239278,8.169687768308147,125.74328604577575,4.484918786733851,Тегуань инь
3.7280686961319223,11.558928560547976,12.553528628118322,81.50254456990211,6.427481042120839,Да Хун Пао
3.9380655918305187,9.887882028910377,13.058356684448928,80.84308479633728,6.309002356085701,Да Хун Пао
4.398757838934384,13.618132473726266,18.0688264408228,154.87841509550893,4.070589575417338,Шэн пуэр
3.290483506377444,15.118160889737899,8.222405373538162,123.25846792215788,3.444726818195233,Тегуань инь
3.462857211701102,2.0144627321225945,18.247780151544085,7.659879909109314,9.16947387119326,Шу пуэр
2.6031901162936792,10.93601383465601,8.958823174289178,167.68280519051302,4.579185502981632,Тегуань инь
3.2974658143569617,4.530164806579965,20.547607690647038,44.0929377703866,10.0,Шу пуэр
3.999498489493589,9.759178546008785,17.64330024231771,143.70653847245632,3.553634844971565,Шэн пуэр
3.2103946415573708,6.711916391452514,19.113975693517066,23.15564426339305,8.693880951540047,Шу пуэр
3.986021092740815,5.693300837959,20.42133375544924,0.9716752742246655,10.0,Шу пуэр
4.20375412782646,9.072367407479865,16.992223727977294,144.13208916451674,2.5848332265174863,Шэн пуэр
4.2233950957630135,11.575654233883835,12.955523040914986,86.30484244664194,8.417805536116447,Да Хун Пао
3.83625219542095,7.571501880166938,18.3967623184631,48.23474311115366,8.870263796811496,Шу пуэр
4.15858587741554,7.910752380527807,18.05815717871028,162.5240280894679,2.9820112762323188,Шэн пуэр
4.4818975477938165,6.226677906724653,15.718092116355471,55.90614772556927,6.725707983318722,Да Хун Пао
4.288914906035027,9.240956783962659,16.351235583846222,124.49993756016455,2.9010754344094574,Шэн пуэр
3.5292240238873345,6.986631083355953,18.444788144503466,66.65774260386587,8.215220752844008,Шу пуэр
4.17989136715081,6.004158492005638,11.482387080631327,69.8922246772916,6.557575842824816,Да Хун Пао
2.9536411553793593,15.76770295607507,9.617312026609879,140.25937681428985,3.616134668002238,Тегуань инь
3.6424942802611384,12.8642581261049,9.276459045111658,119.23204332275105,4.187634392721121,Тегуань инь
4.079113357286867,11.752764262141131,13.693538079483572,75.75255006670241,5.298655850236158,Да Хун Пао
3.2638193924588483,11.571287260845603,6.878083294011114,138.74497900565666,1.7651869130885214,Тегуань инь
3.0727490373813664,11.267259174569414,12.256037714698605,118.40727104066136,4.290563762321174,Тегуань инь
4.487641996803289,10.604730819334232,17.568285112437533,138.4612108068713,3.5289997387507497,Шэн пуэр
3.0273142018488155,2.794671406385753,19.345389139489953,49.906638498226556,10.0,Шу пуэр
2.8588882037121612,11.889616177508074,9.825811657894981,139.30996667407598,1.6226843444796326,Тегуань инь
3.7038378864987354,7.585566715111009,12.22039202130318,72.57877354211432,5.845966683424133,Да Хун Пао
2.8997629677897563,11.953446873683058,11.294969381418948,126.120542653219,3.297511071185555,Тегуань инь
4.153686373577495,7.520594811222528,13.858568816551076,74.82264699135654,6.070135518366127,Да Хун Пао
3.7810040420867117,9.044007699455616,14.172507672450012,80.95966567053281,4.061247372996474,Да Хун Пао
3.6957851499204404,8.997984500403797,15.109593043450626,81.94114305343804,5.570527354105499,Да Хун Пао
4.325211240909549,13.028497657782138,19.89661941151276,97.81479509740967,3.1005597604309125,Шэн пуэр
2.6172941029986236,13.40823061635179,7.103745481169905,112.78138314201881,2.8031143012960906,Тегуань инь
4.036244811315657,8.070664325649284,13.015505822469228,88.30930258992986,6.4045451930861566,Да Хун Пао
2.8982900772298312,12.486617830707107,10.896198727872408,126.37448846154224,2.205400544874945,Тегуань инь
3.1784896019414766,3.6387543016010193,21.93034098545733,54.13890431349688,8.23800847617301,Шу пуэр
3.5500212225388257,8.69782667503264,16.476320602979698,74.77745313744988,5.95040969211806,Да Хун Пао
3.9942722309185057,11.929322411036434,12.29461377073036,65.67032736770287,5.242388275457753,Да Хун Пао
3.381628144439182,6.4265196996946425,20.547684796616913,68.74667315103116,10.0,Шу пуэр
3.747259885938759,8.729463564105604,22.03103043296586,44.41889263837569,7.419660682154465,Шу пуэр
4.18597703938617,10.83820012059444,14.836998149100769,69.3042937746303,6.853232662869076,Да Хун Пао
3.19517783634741,11.81372111748127,8.426868449791662,117.73422183589607,3.677401368692302,Тегуань инь
3.9872552817408597,9.135719177662912,15.93881958149641,55.57936679073183,5.452995279155005,Да Хун Пао
3.869870580230809,7.388759867571455,19.998873805754084,12.846800183697756,9.013375812715863,Шу пуэр
3.9361986894340877,8.439049018890504,14.760046598097226,91.8876111750891,6.079672739267565,Да Хун Пао
2.8953824783254687,12.11978246854657,9.680703385155965,113.97011129806192,1.9280374477097808,Тегуань инь
3.5070065948343667,7.941982270253529,20.593831741472226,17.922814730137215,5.936220133687604,Шу пуэр
2.8612944622006298,10.7446371180595,8.694167710670577,123.66156583467529,3.45502372034752,Тегуань инь
3.0544833562617693,7.313488212810675,20.967964587903055,47.96040907037099,10.0,Шу пуэр
3.27950717538637,10.032052446311301,15.777966360809296,73.37926531451075,5.239135254951823,Да Хун Пао
4.005118887121551,9.870822333349619,19.48084270825618,124.24004151150277,4.049740665444599,Шэн пуэр
3.7575791987523863,9.050988141149293,16.03395409647571,87.37178884909386,5.218209770266672,Да Хун Пао
4.427333028280857,15.029896999545963,15.326979595249854,151.95415535042324,2.5705017616365318,Шэн пуэр
3.0233307307463826,7.8518056555419165,23.117632495598173,40.80628844485753,10.0,Шу пуэр
3.4047684335486954,6.262688929460594,19.086380038522673,34.32941062402785,7.467135121647293,Шу пуэр
3.6529694745429606,5.111877587311179,20.490742017990666,37.34711209640806,8.596837323069952,Шу пуэр
3.735860941445013,8.560208060676848,14.803856566157625,77.33783769359619,5.687731805393347,Да Хун Пао
2.9536482962250297,13.990788065833136,9.298095235564045,133.86536635781152,1.8046410257018972,Тегуань инь
4.212786756923612,10.968323727339852,17.639861691943178,144.51071812726593,4.011911016248631,Шэн пуэр
3.3680036886410876,5.031030834849156,19.933410520966124,38.1729216392,8.016898072341725,Шу пуэр
4.180486298184357,11.30771963393751,17.657702409738658,141.36940658263183,5.205673145191955,Шэн пуэр
3.1442239976717725,14.079561664992053,10.47089673661986,147.5608001323128,3.6532448832812268,Тегуань инь
3.1758666994077833,12.790187685728938,8.468929445140574,112.44063387884084,4.1322345721792475,Тегуань инь
4.45627195817305,6.298047563025198,21.090129331542247,126.52973369878694,3.547381060346056,Шэн пуэр
3.8344801734743035,11.53783119109505,11.366149852734107,100.43687366000319,6.769147501966808,Да Хун Пао
3.668681861574348,8.03884167693526,20.46256404548673,14.282711567558177,9.621601313120971,Шу пуэр
4.559918934103251,11.719144560881242,18.154171488354994,120.7527829609451,4.256783781513857,Шэн пуэр
3.7323484111596112,2.2070537748065613,23.419887908024144,38.5870813697375,9.331995493456935,Шу пуэр
4.16222750849336,9.546240421470005,11.75014128979569,86.3918592022914,4.709253463084382,Да Хун Пао
4.23411760880933,7.807959325215733,13.204444172119583,88.75679817939422,5.726008235102997,Да Хун Пао
3.916711277130129,7.4600523847645634,13.097649285521172,126.32768292290424,6.926855913576541,Да Хун Пао
3.951337451159919,10.381635706113743,19.42422740226245,148.27592403565671,3.09591083385092,Шэн пуэр
2.953008630702573,11.875551717492948,8.95456260766064,140.45143068128547,2.5882505823153505,Тегуань инь
4.0046111620919564,9.156327798154045,19.62281869490135,151.9286451811064,3.9486571416550307,Шэн пуэр
4.124705578937521,9.837894193499304,12.318101722659083,68.50526975576442,4.459645624151589,Да Хун Пао
4.136784306276971,13.548645694239083,19.232936830102844,146.5650995028966,3.414186393164117,Шэн пуэр
4.013397742829494,12.07925213562268,17.717968168024875,139.94466461527412,4.419497272309715,Шэн пуэр
4.1811579830568135,9.516608301324792,20.226088419541572,93.9045459376805,5.880876307007849,Шэн пуэр
2.859179297939183,10.791947500686154,7.6467705611413965,115.1060699246544,1.6018903402011493,Тегуань инь
3.239541970807766,5.031939576557149,18.273628675311446,12.062728710628075,7.9816844676387415,Шу пуэр
3.1286269315384843,13.670934584823272,9.129185054112074,124.6443012286375,2.989361323381807,Тегуань инь
4.423300076624903,9.79692557006084,20.516328434456348,144.87277487766568,5.1267648082610355,Шэн пуэр
3.7475095889857464,9.692583379568987,16.183167238754944,68.8922626924832,6.471250457845894,Да Хун Пао
3.577292126276348,8.454930584878841,16.295676289197598,19.31276122977118,10.0,Шу пуэр
3.498075565287781,11.51322291441609,16.849160486762365,153.21385194798796,2.897862970736476,Шэн пуэр
3.226566913058813,3.092908396947382,17.615209339115133,40.77547482142922,10.0,Шу пуэр
3.4579379430046524,7.674708390230996,11.949641611111648,59.282541027638395,6.080607775620521,Да Хун Пао
3.7998008997423467,6.122243704504804,17.647599366713134,21.03187012078129,6.6227095082700185,Шу пуэр
2.9512002238365276,12.774542446123595,11.614016563888942,124.96560232494294,3.5705370361384854,Тегуань инь
4.247037302688971,6.523122003168333,13.368421027689989,73.34147545371866,5.1736568231710915,Да Хун Пао
3.901942572347129,7.207757591684748,12.955175137137953,74.03774997605854,5.938334680793459,Да Хун Пао
3.5870121189450606,6.738381628223192,16.394287607164234,12.155326493283145,10.0,Шу пуэр
4.699269975449291,12.754383843260365,18.641668013573174,124.95892981777119,3.6674033392284873,Шэн пуэр
4.104268277834108,12.600944221744145,18.113260240945745,154.92433396349998,4.025262831098391,Шэн пуэр
4.111486978695146,10.756771290529294,15.18264145770497,66.24426580308858,7.396091569244744,Да Хун Пао
3.9567333168574237,10.604608990510597,20.038205995913643,168.35688489911678,4.024549832403988,Шэн пуэр
3.4653503362103195,6.378524323955064,19.711431242959492,42.38946675744461,9.789366555669705,Шу пуэр
3.9963635478473467,10.951479494416628,16.253898680862715,143.78673971888588,5.077478542719684,Шэн пуэр
3.637404979932142,7.180435947858628,14.545911509726778,74.00419915565354,5.887836099889416,Да Хун Пао
2.8083366455269974,10.104782680732892,9.385833563330847,136.49969475513126,4.472014566490134,Тегуань инь
2.6929507522134406,12.020566900009186,9.118695156860515,124.18296426970858,3.450317278043813,Тегуань инь
3.3008273475913814,11.1743844871092,7.568218151791738,99.52887521697652,1.6219907231521338,Тегуань инь
2.894359934853531,12.694523794601702,9.114928576215632,123.04195915346669,2.635561747735539,Тегуань инь
2.7241643141995167,14.108244768241175,10.524071624148762,102.5688073089857,2.7707073464476917,Тегуань инь
3.0350057427422183,11.573669523882568,9.49324486210397,93.19938732947884,2.237676541972348,Тегуань инь
3.5510740584963942,11.395906737386436,11.032595144202903,121.81766923949193,1.1923031402250672,Тегуань инь
4.186978909585472,8.904054835815922,14.170742763205176,75.45197574934254,6.69641189082277,Да Хун Пао
2.8488153770613764,6.556904826282501,20.190878076975473,32.597976862691866,9.013355591543673,Шу пуэр
3.883096060948963,10.314875275280544,17.153669751943614,139.71526100478707,3.166404116930104,Шэн пуэр
3.528922350382194,10.593979362076512,18.670311236840472,177.81063038236954,5.196816709096124,Шэн пуэр
4.2802620858379665,11.440890608680043,19.652597886863123,149.66222505727973,4.067181109653982,Шэн пуэр
3.6387741336084893,11.444388500016457,10.198069642014401,118.35398727554724,4.044872812454427,Тегуань инь
4.180873720502806,10.711472702918565,16.008679498249265,144.67059693682492,5.4697237645085455,Шэн пуэр
3.331773750773676,5.604115568520596,21.538472416074256,18.89628751597207,10.0,Шу пуэр
3.512948986136106,7.806287248853823,14.510386703512033,64.29362418850319,5.352589794298383,Да Хун Пао
2.8502113204382544,8.412491332102519,12.425037673663201,121.04879371492238,1.0,Тегуань инь
4.12384873166234,14.510250171515032,17.96675047605052,124.13517805815702,4.561661807802736,Шэн пуэр
3.723649671957495,5.494919195691485,21.464855619525675,34.39886594764177,10.0,Шу пуэр
4.1086978185246235,12.479486961995617,14.683500674504145,144.39614979900375,3.4783796626418404,Шэн пуэр
3.2438722332237764,7.153783294910952,19.458212745858127,59.375296984880094,8.84538924138009,Шу пуэр
3.3957429763419444,5.737541175440131,21.921468615188928,23.60657138351876,9.261420412729969,Шу пуэр
3.843689094303165,9.760441363627008,13.587108483178922,94.67889295497447,5.834349524315979,Да Хун Пао
2.4951390685152584,14.119341400159849,9.858639236695858,116.96875131915894,2.8463148956379825,Тегуань инь
3.9733059850724426,9.104990486399007,20.444548294356004,144.69854791062076,4.441358692529949,Шэн пуэр
3.5531893930762695,7.118526993482747,11.732457949160544,76.51449140934844,8.492738866638518,Да Хун Пао
4.333842301274302,12.741590748784043,19.68529439838961,137.6058099871899,5.059753610818235,Шэн пуэр
4.517803016905472,10.455385949283633,14.478298569266922,72.58490074725958,6.051651714447315,Да Хун Пао
3.482783976601016,7.991192142370129,14.540970772220398,85.98472851053518,7.42953197456844,Да Хун Пао
3.8722337188849765,9.904237537438412,20.937481063847116,164.8834575141697,4.086510790787295,Шэн пуэр
3.7940294987280243,7.164431666313366,12.164582050999481,82.04903424519051,4.265614237551099,Да Хун Пао
3.1527606103299735,6.992145111663049,18.87305714914986,41.53384989471124,8.492599423599575,Шу пуэр
3.2270711282761155,7.648695687122798,11.275898338294695,108.87519202603778,7.350170051262012,Да Хун Пао
3.669638125750728,4.30760182393371,20.340353886383866,35.36466452205626,9.496120708088785,Шу пуэр
3.1459997664598225,5.2943283674326835,16.094368939903504,18.294931353774764,9.826407309893257,Шу пуэр
3.77489343232237,5.54572657502793,17.830778755127525,47.44514551511097,8.001976406706122,Шу пуэр
4.01175580416337,6.067541818211277,20.977337048934615,44.159342968162704,8.719931373119124,Шу пуэр
3.130327093063757,11.725459441585754,7.931383896651202,105.26970870254549,4.487398289685863,Тегуань инь
3.927581270301255,12.153413241654755,18.359518515397134,139.2836807226719,4.827252651140502,Шэн пуэр
3.7634175736724598,3.5369982644079885,20.39676232125288,39.4135161817517,9.107105030009471,Шу пуэр
3.75860001512364,6.141477671007067,22.04819767968205,42.97867931022275,9.480334295881379,Шу пуэр
3.2823825433976075,5.618879155420091,22.198383111095627,18.928126785845087,10.0,Шу пуэр
3.3553302563891236,6.23822371152481,20.14083825465458,49.38513357394231,9.550924380893541,Шу пуэр
4.133803178027615,11.718385769536855,17.55527928226523,129.6732182359368,3.985665995488089,Шэн пуэр
3.9525978629054292,9.498275512795477,14.35423966001006,87.87643960958897,6.610841031136689,Да Хун Пао
3.393915577515907,7.208210420904658,20.175735274161454,47.38445367907055,10.0,Шу пуэр
4.007318769760063,7.700409828473919,16.128418977716017,80.1199104432322,6.4878833420195665,Да Хун Пао
3.553178410084657,8.862814136248842,23.617829084165542,32.143408321881466,8.300978146896073,Шу пуэр
3.7789961423561595,10.000641656338997,15.471466720560327,94.41640229180325,6.3847233145852345,Да Хун Пао
3.499746887336909,7.823691105708317,19.716919152733535,153.03054012847525,4.868176779726668,Шэн пуэр
3.2514379703683143,12.943538117062987,7.7732239161563035,113.52990842640735,3.0372278364215766,Тегуань инь
3.6398532986591934,8.444617972561069,18.61613260765078,32.31907871021309,6.813558021249433,Шу пуэр
3.6130843357086118,6.9578328729865895,20.31446568687239,36.11186111027375,10.0,Шу пуэр
3.948653022366705,12.03732054509278,18.925678430132233,143.97976520116976,3.7355812872752963,Шэн пуэр
4.024929666097437,8.398582679915444,14.37166915503783,88.92035317055276,7.29934693055354,Да Хун Пао
4.183363987557626,7.326454068834465,21.80073183376266,156.18685668986313,3.9747057344350476,Шэн пуэр
3.8624329468860497,10.082041082598339,15.457590323216275,151.41418288821674,2.110147340969881,Шэн пуэр
3.880448834286595,11.056660601022207,19.34352675951337,90.64492798456814,5.767149283884415,Да Хун Пао
2.9509671304426464,12.690078803728447,9.59779069096234,65.27380762177825,1.9417189491623628,Тегуань инь
2.8547491699999266,8.268629815215675,9.975830698423465,118.35408822458565,2.286446018629645,Тегуань инь
3.4973615931543285,7.353233638503821,19.060326983002547,50.16227263137091,6.627804471936486,Шу пуэр
3.762963081224456,6.990364492847593,17.76534479589745,22.694876254003592,9.260754384141167,Шу пуэр
2.736554289921375,12.599526670712859,9.556927768538399,119.9712022023548,5.281632877276062,Тегуань инь
3.682332196123915,14.507156212194282,15.5590588415429,66.0751380381646,5.536555386374603,Да Хун Пао
3.187677118190201,9.89038705332933,9.49496533139407,138.21284743392752,2.413414914929099,Тегуань инь
3.129246300902365,12.472948605264849,13.129436043339808,100.46021824748303,4.0455322747896805,Тегуань инь
4.11369203606278,9.17004598527535,14.973637094298567,95.13649705601009,4.664279490695431,Да Хун Пао
4.086304498727509,9.408893037097439,16.117105632283632,75.06620194499934,5.21024391987522,Да Хун Пао
4.051870427232275,5.55198270395581,13.050974132761922,90.56022611482481,6.409751219623289,Да Хун Пао
4.373446475059357,9.527113929946776,19.303179689639045,147.5882759680304,1.985285519066585,Шэн пуэр
4.171365106375619,7.978100142145137,16.656957621583462,83.84951571622294,5.57244551867048,Да Хун Пао
2.729121846573892,12.356022147495334,6.588695567968966,137.362616370317,2.1391583214764296,Тегуань инь
4.266412576192868,10.830582083777927,19.734107053361775,167.7929746240786,4.281206455922905,Шэн пуэр
3.1688034093885014,4.605626658728287,20.784021874731515,30.692220690270076,10.0,Шу пуэр
4.101283898385535,8.811563062684025,17.13354889862133,155.66737841075854,4.758079986940091,Шэн пуэр
3.2380041705599774,11.466172283637524,11.478825344601894,124.6717925145516,2.939748153598713,Тегуань инь
2.7031385639904406,12.097836453702689,11.398393463389775,111.63406668757177,1.0,Тегуань инь
4.466507257450395,10.080421241007535,20.4550673872516,159.8136500400481,5.122559870149349,Шэн пуэр
4.269302993176654,10.134350000886547,19.944019136756147,103.42493879330567,3.7544498347993143,Шэн пуэр
3.6242245368645243,9.07412403662852,12.447051183703273,61.28558301284311,6.347934477182711,Да Хун Пао
3.1775701958546856,5.724553422828817,20.114820142876315,45.805880940936156,7.447492526699945,Шу пуэр
3.673231705160376,9.643256949880213,12.710279386725341,63.41247226771823,5.831157414797034,Да Хун Пао
2.6485300113523973,9.30889050559103,8.213738756830274,132.35629697814272,1.440616764694391,Тегуань инь
3.885647934339054,13.408753039289575,19.489552567597315,141.05744343531745,3.0379228699284004,Шэн пуэр
3.890677465545638,9.331860072916195,16.041765642004947,76.58351681627985,5.85796039176706,Да Хун Пао
2.7557874470046375,4.868932005384939,16.158168148209636,48.74662203486615,8.50677815449409,Шу пуэр
3.7923082818956977,6.6215446710385155,13.030538476902013,93.11513642669581,6.070994715424948,Да Хун Пао
4.288830176886981,11.753836090760986,20.025189986862458,156.9422346942188,3.3798015454460844,Шэн пуэр
3.0202737208466672,12.590391870685398,11.325331940770967,120.5836981035219,3.43751224861987,Тегуань инь
3.7895631461240087,11.169776281485975,19.131966603836492,139.1182602262885,4.614644048081822,Шэн пуэр
3.2251353587419374,15.111655759930066,8.561039533430419,104.77398141406776,2.5855269341641414,Тегуань инь
3.7863325619736377,10.980667225255,14.40170059455186,71.25509174503898,5.733602924807491,Да Хун Пао
3.4241355661046504,5.901117240834748,18.716914558434308,43.849880960683926,9.651540620643958,Шу пуэр
3.7145318191444825,9.766562947077757,18.835348643614534,142.18239570552964,6.106240297703333,Шэн пуэр
3.54039715036945,9.019443752740827,14.278223479523184,59.616841311154765,6.937522921749758,Да Хун Пао
3.190280894133546,6.680347796390457,17.379406500469123,41.418887994365505,9.811735709996501,Шу пуэр
4.380568694581933,11.399838036589014,19.64693010190122,137.180013477248,4.4287477874535455,Шэн пуэр
3.6689939220549275,5.944501474648468,18.87910106239385,23.83658006699012,8.11876155256395,Шу пуэр
3.9143814170242925,8.790720038441341,12.28564719244514,84.2585900176321,4.102064481498504,Да Хун Пао
2.7558681815256367,12.817956608785853,10.904667901286277,133.41319992770116,3.485161112545738,Тегуань инь
2.8780754950846155,8.859745223446453,8.117755808150083,118.80405654214788,3.2027750482523674,Тегуань инь
2.8227878958109542,14.57978611189111,10.116548661870894,97.0392711411494,1.877231567729005,Тегуань инь
4.0634647997884,10.76046240437972,17.766040992490446,126.75701728178599,3.5118912246613982,Шэн пуэр
2.8850438036592037,12.651459337071918,11.90410730627978,127.36150063490729,2.7433458836002473,Тегуань инь
3.581028630259186,4.734475654383957,20.829232570053406,42.376720757496024,8.966396560043858,Шу пуэр
3.282169414917364,10.223657258829173,6.994993087918206,150.7313347629493,3.6339103777337423,Тегуань инь
2.3849483696906932,12.124886043239002,12.0983472428827,109.31846937181592,2.3494363795944078,Тегуань инь
3.8371220043234167,8.024392973653253,15.97449470596682,72.64306758959434,6.356756290308358,Да Хун Пао
4.185028382673987,11.10982673974557,18.62361628589784,127.71388003999932,3.5739144297689345,Шэн пуэр
3.201074412199283,4.6885011265328504,20.954070254452915,32.60710346656661,10.0,Шу пуэр
2.4818038730422955,11.734448375567364,11.076068879856502,129.998590029143,3.8402201626941976,Тегуань инь
3.418721560952658,3.29879507499269,16.561677732247908,71.817151039505,7.477800724808572,Шу пуэр
3.0475619073230145,11.879484288783239,12.495899970118863,118.23583716862319,5.809210861229503,Тегуань инь
2.641248106323288,12.059007767177269,11.428792965261318,108.70662124157069,3.1103957256122183,Тегуань инь
3.1020811690044354,7.348601268961538,22.218339622984264,33.0616642551313,9.697488311921,Шу пуэр
2.8910838460304786,10.741925228558257,9.41244215969574,103.08328852662429,3.4325944517261524,Тегуань инь
3.8897666581410872,9.472655044365245,17.19303492555232,138.3206474865253,3.934171211326077,Шэн пуэр
4.0521393156526795,10.687227699148112,19.827694771624476,150.3583597741138,4.579269811898811,Шэн пуэр
4.388248169001553,13.556050252016789,16.676199556800377,139.36542911491102,3.1451650830672166,Шэн пуэр
3.6726639529999683,5.678420695774998,19.100059236270702,34.534340606601376,8.355791749613552,Шу пуэр
3.0311346963980452,5.976710217413541,21.28911682396796,36.07657148400397,9.011716417719365,Шу пуэр
3.286558052080862,10.385812766294576,9.910543473990359,67.72253596384422,6.656818526720137,Да Хун Пао
4.105090373051567,8.95233080834716,21.471996965526788,159.56495198990717,2.2709288532577485,Шэн пуэр
3.8695134511277214,11.13258187098595,16.156545305925075,148.37327863321306,4.187141986770215,Шэн пуэр
2.6093461479413045,13.39920763691114,8.91300898413473,137.04073025333142,3.340209976868338,Тегуань инь
3.4094196289509484,11.781417873053806,17.01974136624063,93.34019380658523,6.701350838344826,Да Хун Пао
3.512076950600139,6.227874078499848,20.970187736994227,40.20847313998767,8.22591411501795,Шу пуэр
2.7008259517195556,13.063631381028038,11.62520257550729,132.76928362267182,3.494556655322853,Тегуань инь
3.249182865546264,4.713222188584482,17.566563163227187,39.57875387343952,9.608451736429679,Шу пуэр
3.3478684158715275,6.351473456663591,22.087486795440988,24.290692804242845,9.323990256272145,Шу пуэр
4.294512910834851,9.728524096191574,18.72554659632749,180.96933063739328,6.153467927170878,Шэн пуэр
4.451760406545679,10.681375545062414,22.355138899750823,142.0498475938075,3.552536361793518,Шэн пуэр
3.867810172973204,3.804223659285261,21.4497093431124,41.47002871149074,8.726296004182231,Шу пуэр
3.5041279668450205,10.608837742683821,12.660637143855594,84.87327078236876,7.190600678867918,Да Хун Пао
2.639883513865177,4.504614213110395,22.844212699847112,75.06767678758249,9.790340581784704,Шу пуэр
3.315112073542368,5.300460274079727,20.781450052177792,58.44063576475156,9.815316072171633,Шу пуэр
3.4805336673962746,12.364151145296148,8.772046397214206,111.22688797600499,3.3520344718029245,Тегуань инь
4.3926951439501485,10.287347664060924,18.90303219905869,125.830581002126,1.9177587563701257,Шэн пуэр
3.7901897707528316,4.980669151954189,18.45097987697321,33.22073530219737,7.963418025130343,Шу пуэр
3.2598563924797457,8.705224612580038,12.475608137925501,74.34210687816393,4.414396625399744,Да Хун Пао
2.744086821727926,9.525187544934033,10.930160419000613,126.63818436306079,3.3788426034583945,Тегуань инь
3.192998038406713,13.92100034982957,5.35928797522771,125.03761885399535,1.7720001191775026,Тегуань инь
3.8614120058061587,9.43811804952097,16.10528883523112,67.91422750080812,7.458170807479109,Да Хун Пао
2.8014222176800048,13.147560859615853,7.687304679469334,143.4215730270536,2.8487523532536243,Тегуань инь
4.605504411858032,12.070914424718243,18.072510124404925,117.51657080584786,4.313165607332349,Шэн пуэр
4.223048598590581,9.415210144285126,12.189269574636336,87.31987056206881,6.203206933393905,Да Хун Пао
3.8833698657132887,9.980859305251998,17.68100460765346,158.6424557580236,4.846173463027863,Шэн пуэр
2.8411681717901778,13.198053425364172,5.505462889318289,112.75814761913033,4.5518801201224885,Тегуань инь
3.5509119635428434,5.53038031859847,16.68332886883551,53.83959584181779,9.446661515278903,Шу пуэр
2.602082184678131,10.49993614929107,11.403327296179134,121.9654067429013,2.5109225318810764,Тегуань инь
3.8485758101855203,7.773093805445219,16.416525650961,51.560222012809035,6.444942062544622,Да Хун Пао
3.4238111965856657,5.309158333726058,17.206075884497736,43.170797125724015,10.0,Шу пуэр
3.3220339445388922,6.3665397216776425,24.001926203180307,27.799143814799855,9.819104168912139,Шу пуэр
3.563053383384501,9.944511192943672,11.534634480922454,113.81494691692905,2.4233527077663073,Тегуань инь
3.9819016882777962,9.543621319049166,17.462714390077068,151.8927067777652,5.1299703941075565,Шэн пуэр
4.592374687133952,11.509916236671163,19.848496274910378,150.74293609569014,5.385059627048641,Шэн пуэр
3.702120948502079,10.702517653959614,18.477157585653924,99.58996073461267,4.350212497858526,Шэн пуэр
3.8746740796025088,8.291452551665321,15.375384370235563,79.32900598718199,7.322135894078476,Да Хун Пао
3.7965659727395944,4.177169067501309,18.531224485217397,27.003757920108416,8.297245040178796,Шу пуэр
2.980037269037305,5.92335848212,22.825026139922013,53.6685706685342,8.647734965050232,Шу пуэр
3.0718590793441276,7.091324080995674,19.139083333076083,30.261056205847957,9.661947589430516,Шу пуэр
4.262594874562011,11.691801126764135,20.695746578994687,129.36561468431236,3.331729994694702,Шэн пуэр
3.696397858534336,4.693172824138242,21.732450401717056,49.04510280140015,8.983163276266573,Шу пуэр
2.9051272222969255,11.32291907178582,10.869768542927295,132.8252898644592,2.6251585371023904,Тегуань инь
3.530378974073965,11.521490174552317,10.638800527582458,150.90447255786117,3.1106131225786777,Тегуань инь
3.9223185108854115,8.804634061166718,13.761942986799749,84.16016269580322,6.352002953937632,Да Хун Пао
3.3006121999810607,5.037339591206596,17.45076319596899,50.89147542169502,9.070113158733216,Шу пуэр
3.5343753311071633,5.614124802530795,20.06209440097711,20.696388391954383,9.217440415303262,Шу пуэр
3.617159178895855,6.2432222133625475,16.156990938902723,35.50520403916951,10.0,Шу пуэр
4.178649903344074,10.695927518615472,18.243429565271587,129.43760093638227,3.9285545969523947,Шэн пуэр
4.18797152636867,11.572924164775607,19.013469068203243,140.11983963361914,4.8442011906928855,Шэн пуэр
3.623591474638026,5.785140841301621,21.157323267630332,55.33610838040708,8.508459173842834,Шу пуэр
3.55525200560467,12.315871185422875,13.982132264216059,88.77871297038284,6.339641766713351,Да Хун Пао
4.318946045223275,10.947904881833423,22.81589698669376,130.26315317542614,3.6141612253883784,Шэн пуэр
3.9318548432874283,10.403765302540997,14.870507914342127,69.95007354682666,4.80965651183163,Да Хун Пао
3.3175442566365376,7.803743989934526,17.6524186938136,57.97604360196729,5.623405276976515,Да Хун Пао
4.144476927354797,11.708112093460608,13.8003308390091,106.15432800937347,7.561186533176482,Да Хун Пао
4.090399641366159,10.765211929789366,11.782394050123921,79.47981124972115,8.054545094620778,Да Хун Пао
2.941544488969798,9.204839217612534,14.640899027692075,65.85260113445915,6.596945897308883,Да Хун Пао
3.4080303136138825,2.8721137287531624,18.257567855948373,36.772762513433065,9.768965871573746,Шу пуэр
3.3814267564989584,1.814331525226284,18.692073732726158,49.07187373825852,8.172415759265338,Шу пуэр
2.744026994832354,12.011410312252083,7.719678161747539,98.74736861104688,3.5595403706161663,Тегуань инь
3.1124353195304932,8.276171656808465,19.401324184496556,29.292707541719334,8.962750747447872,Шу пуэр
4.352376684328071,7.901822041097195,15.231170575722576,97.06935154100073,6.282087890834879,Да Хун Пао
3.009189447778325,9.138778512043856,7.929843771918718,104.96484028963798,2.814043322813951,Тегуань инь
2.9071960380839283,11.067096283740705,10.726908675678146,79.90748350345592,4.4353001566454395,Тегуань инь
3.319794069236293,12.95411647008264,10.328781405954604,127.18313307780693,4.019043693241763,Тегуань инь
3.6842811315071193,4.952901571435956,19.391146474286664,57.3842437356535,6.237324494326257,Шу пуэр
3.554962046218923,7.503685495288063,12.547711194627281,65.52480912830734,7.226940876435939,Да Хун Пао
4.337970079892331,12.142479155762008,18.521002728826506,142.83066445116827,2.694017627212393,Шэн пуэр
4.256510135821087,10.149766887016758,10.052634647182797,70.28810857280722,5.818768965453299,Да Хун Пао
3.6316973088166686,5.687092139829691,21.757908055401785,41.97810719681728,6.945238692324706,Шу пуэр
3.2571541043321703,7.646323297176323,19.42024876905026,24.340838927970367,8.885677831995253,Шу пуэр
4.011959753869348,8.950619962469297,13.876968640790725,58.810384660981676,6.668197843557631,Да Хун Пао
2.933333190870368,9.747035014608949,6.1263239187596294,102.42042610648808,4.381707593377797,Тегуань инь
4.1558427506356495,4.471028647609021,16.208990050411135,90.81838059199688,5.218808973852994,Да Хун Пао
3.741371090475451,6.251863761670404,16.05233226028207,65.83539912993474,9.279241553933563,Шу пуэр
3.279616550918841,8.944661101931047,10.67699016052298,96.43283617243713,6.935108761022784,Да Хун Пао
3.7872698569762675,9.713535303972723,14.73941185127826,75.82855560518136,6.63080016414602,Да Хун Пао
3.0914151239263292,11.337151877781546,12.727724459627819,120.17176937505981,2.9407173539740676,Тегуань инь
3.439117416897389,3.9057471603739122,21.328707348479863,54.46826023359,8.71171454187268,Шу пуэр
3.9200929724929017,9.956201811466647,14.95938106119506,83.54486423042302,5.821428032106146,Да Хун Пао
4.406191909632749,8.536461841962375,15.04568752149806,79.08615417938097,7.048952866361442,Да Хун Пао
4.052958495528187,9.200027394541285,16.727394274214937,141.01181849101792,2.6482040739366903,Шэн пуэр
3.873404577646205,9.901953778720438,11.540985205280805,71.6424420942035,7.306999553404016,Да Хун Пао
3.0628586261241333,5.047309847940192,20.434546316457247,48.689229569813996,9.211713784170596,Шу пуэр
3.3258045791763244,5.574396444063876,21.238210036929704,43.364459607723916,8.134060116167714,Шу пуэр
2.863504955897766,10.930079366042277,8.572250351927032,121.78838791691088,2.883119813591476,Тегуань инь
3.107061317744853,16.189775580622953,8.933095305670552,90.62112839404453,2.729844870662904,Тегуань инь
2.9386345651817036,3.3142094961486146,19.467172931849646,29.207776810321786,8.11253617525784,Шу пуэр
3.434832152534397,5.839223275138678,17.81252587656666,27.237705664259607,7.138806315494444,Шу пуэр
3.6699117544537434,10.573699822054316,12.192931106847455,94.09130632697271,7.033809441398976,Да Хун Пао
4.130682096030153,9.490059002877468,22.09417897226322,133.27905898786628,4.182928753538958,Шэн пуэр
3.199615532691836,7.87567888452342,7.555251374920194,148.57590321096706,2.4039111003438336,Тегуань инь
4.644135910179206,14.819014973118692,17.07505479263783,131.10611194519402,3.046429185305973,Шэн пуэр
3.065814750409157,12.854454759233764,11.250170402496307,126.72486098959739,3.8546857301355617,Тегуань инь
3.312919793222536,5.235967122392584,22.239001361605833,19.997885218986983,9.126866976295842,Шу пуэр
3.7204504403960152,7.6861348988728775,19.50059534532968,127.46929566727945,3.9097102538931856,Шэн пуэр
2.9426087025355154,9.879053478393242,10.37594717497221,102.90856498362638,2.922643820179146,Тегуань инь
3.368283826968519,7.511860689239036,19.98419096925353,49.90056237685502,10.0,Шу пуэр
2.5869941557331075,14.35719123274895,15.098655905214006,134.2147441477245,2.736926575543647,Тегуань инь
3.51604448804657,3.179295149576211,19.920587435306043,51.50300939993591,8.509777849961225,Шу пуэр
3.5543942653584257,5.590645057241009,19.889795801915422,45.0256355130612,9.100936791735155,Шу пуэр
3.5878801470491877,6.052962436052951,21.72105941592289,39.48287702448051,6.780525741376947,Шу пуэр
2.7561176714069022,13.263516527198286,9.325349675862988,115.32380503766329,3.014527881937569,Тегуань инь
3.9203558825101688,6.810037212159298,22.257982201924033,21.750944270658927,8.56426991183326,Шу пуэр
3.502668105323795,7.352593701924016,13.06716698798513,80.28486779960163,6.64501668931506,Да Хун Пао
2.6953262756377376,10.570554677954236,9.427554100318662,124.3337500075306,4.288444249318252,Тегуань инь
3.4023364965441405,3.9696845576897957,20.11282313433914,31.9069722711829,8.464912846623289,Шу пуэр
3.2515467611209035,11.487208680511365,9.836824460629758,134.811077175696,2.014841967689174,Тегуань инь
3.1238197834787966,14.144057315559957,10.51645764664539,120.90578892636626,2.9953670277756546,Тегуань инь
4.363826769249429,8.223527705957192,22.68823282678854,141.1239061784934,4.653947820922941,Шэн пуэр
3.4384332876726607,14.3771909799507,5.4964454187619065,138.00459387388983,3.7501218121369444,Тегуань инь
3.6009202816069616,6.014907437924268,16.87759415562224,44.78642251035361,10.0,Шу пуэр
3.793857744135943,9.599377084650936,19.17787108177857,139.18887235943137,6.037127896959813,Шэн пуэр
2.98777124215937,14.436454601224915,4.870511316358866,91.78802358038914,2.636416709693201,Тегуань инь
3.7471360823114073,7.167388299266365,13.314310694180326,67.30846795734004,5.767874309504642,Да Хун Пао
3.1243228299827988,7.841813814061241,7.011188760361387,107.50444915805983,4.718795003049859,Тегуань инь
2.6323182708698254,9.33503427738297,7.366339577883517,111.42826171204894,2.0021480167559744,Тегуань инь
3.0383521209501856,12.782578934039913,14.840830024494805,106.18724403286309,3.6700792422021897,Тегуань инь
4.148027853993065,7.620368698444196,14.673913352120382,79.37304158186731,5.6333212063494775,Да Хун Пао
3.3827967192202415,6.131895566254253,23.15016565521746,72.78795649626437,9.762149241958687,Шу пуэр
3.1491482232161294,13.351564179716268,8.200610427024493,88.25018326544203,1.4072057402784723,Тегуань инь
4.605778172926964,8.60303943189653,21.856676612527824,115.65849004600213,3.2245928759896465,Шэн пуэр
4.12634955307935,9.868865998345642,19.49189461879234,136.58798558588995,3.960237768571826,Шэн пуэр
2.681275676442131,10.467233059465618,6.760256011216461,115.4607036079433,3.618190714665301,Тегуань инь
2.8753928219460945,12.248834577705628,9.715993571184958,135.7400941581511,3.6901044247640122,Тегуань инь
4.087563254184523,10.943561538782296,17.26860363823647,112.20803277402581,4.73305359300438,Шэн пуэр
2.7812748486769174,11.897790250093156,10.556287452909254,125.61579677559395,3.3270098687893146,Тегуань инь
2.93284235493585,12.625875214411723,9.807642126153336,115.75806376278645,2.9555638322956455,Тегуань инь
4.399749929342015,9.656849443597311,17.608641760966634,142.27275457621968,2.6849453909624206,Шэн пуэр
3.9659230361075735,9.704692867226592,16.49804539374699,97.24065261436726,5.756471958275139,Да Хун Пао
3.190545284044321,9.115932826093935,9.189461469101337,103.33342648623662,2.314147323823357,Тегуань инь
4.285032430723391,11.05604273530096,22.5190945388986,135.9398936698446,2.4396325260569043,Шэн пуэр
4.527141597341569,9.402697960395583,19.787449998628794,155.5888041445109,3.762976126960233,Шэн пуэр
3.4607267975987974,10.910998716944285,9.04179365817604,128.84320329053403,1.6236125009220521,Тегуань инь
3.1629462804915587,12.274612521784443,8.347541067272095,101.2452669161528,3.9738941282174007,Тегуань инь
3.9485818838205793,11.880085106375294,11.39644052517298,73.6799408803145,5.300747901835953,Да Хун Пао
3.2520924412372185,10.445978523469114,6.6288053652303836,90.94549600941878,4.303565067808087,Тегуань инь
3.8928238519279774,11.153411073666444,14.308159984297737,63.815642194270495,5.200342577702356,Да Хун Пао
2.917457324631995,11.397978889759422,8.492944839285244,118.01657015203241,3.14984241398728,Тегуань инь
3.7084011834885224,3.1790812369461956,17.67817608722652,49.014389270498455,7.352503700952561,Шу пуэр
3.0827943710074233,3.512491743545461,17.544168898616313,25.012826630034816,8.02838122698704,Шу пуэр
3.8184434446497346,11.845454095073636,21.23514839386631,124.87928193688958,4.854384660678372,Шэн пуэр
4.126283767901341,11.901463640383,14.69526835429143,121.54609778602135,4.7806810899257774,Шэн пуэр
2.8715016533510678,14.832038824455436,12.807642784133114,120.18079770902739,1.0,Тегуань инь
3.091922490113202,5.048832963992054,19.822772109493666,38.528896472012384,10.0,Шу пуэр
3.989371498420144,8.190929826414532,13.856002815120423,64.57243638588096,5.1858300180138865,Да Хун Пао
3.9626585857172767,7.810075627547148,15.14371836527342,91.52905648244554,5.813241865195647,Да Хун Пао
3.568630950129608,9.116261382497798,12.351738557321047,84.54652827425495,6.348203015944819,Да Хун Пао
4.219740914508826,8.762217816936374,13.768392980056468,96.59009437254178,7.282792856102714,Да Хун Пао
4.4370226648416695,11.73788405296502,19.341303883500103,145.73086361693748,5.195984178381769,Шэн пуэр
4.313223658165498,4.227009130096005,22.956557871432118,30.559832734982436,10.0,Шу пуэр
3.189386467751562,9.239049471150953,11.113066885502526,103.74451758962908,2.795931415561151,Тегуань инь
3.907638825171876,9.596775051240646,16.12065440955939,104.66452565350536,6.447715030095068,Да Хун Пао
3.8032948677747203,5.721569384535651,12.738076805735739,38.75846920942167,6.446461021245187,Да Хун Пао
4.29692497738137,12.910733786744762,21.312682593798044,101.58893921512067,3.662523596873384,Шэн пуэр
3.6442731255033136,10.1690440347423,13.921584165008673,144.35199990633134,5.227291146642193,Шэн пуэр
3.4851323487345254,2.9718123327761514,17.896225454203172,63.85328208432669,9.47761072975677,Шу пуэр
4.255002664199527,10.865427385856044,17.915838405610998,142.6833756755777,3.8527116864654425,Шэн пуэр
3.7848115660829027,6.7156386932523375,14.08241213356324,81.52730919654948,6.470450355570171,Да Хун Пао
4.098690441835349,11.120732735070932,12.575891667634073,74.88655130832474,6.136774117316699,Да Хун Пао
4.146652282413394,11.140142103681148,22.05712162858773,142.2309226388041,2.9124978802385497,Шэн пуэр
3.966572022283827,10.486284554565557,14.75727864767607,75.30436571110693,6.012578502351833,Да Хун Пао
3.954932030176821,10.274291790047577,18.18179422279329,40.21108124310257,8.541918198331873,Шу пуэр
3.263535090392182,12.09567962564016,11.795630816821095,100.80238563539969,2.6631680323594074,Тегуань инь
3.820266645224247,6.120091198648179,14.932657544340833,110.95841803485003,5.139316956835475,Да Хун Пао
3.5989830615971794,3.4044382758479768,19.495874369193288,63.7424417016,8.964175253334044,Шу пуэр
3.257114909324831,10.355169900867985,18.153422651718046,97.02912097479782,6.490606902455888,Да Хун Пао
3.009361025462643,8.211157462104271,22.58701993691874,24.964363813506736,9.102472367103157,Шу пуэр
3.898589320054831,2.8014240492130646,21.357047902800055,41.61301270080452,8.61221204445071,Шу пуэр
2.8854786318005012,10.175308740407282,7.855733957146281,114.30290232315157,3.0619164836799593,Тегуань инь
2.8995344910042675,12.790356022073237,10.66859025699543,111.33158837883516,4.4540501814574585,Тегуань инь
3.9992876906166903,8.285050242149268,15.074867708454674,56.76114235483635,6.237338103793847,Да Хун Пао
3.3875165930452593,5.578574032890757,17.40931763106793,41.948947812491106,9.631274730121577,Шу пуэр
3.575133890078228,4.273030044344638,22.425767383446313,51.05254796380077,9.363009247714517,Шу пуэр
3.3866580401725184,6.518794313562584,21.311236122342766,45.85682398080824,10.0,Шу пуэр
4.073886442319526,5.437760205019434,20.95025613469602,35.80484753300661,7.814815419467682,Шу пуэр
4.189876727911196,5.183811062936533,21.81612568703597,33.157657058269635,9.995938684822258,Шу пуэр
3.609109445102889,2.157551398541659,17.75713790796549,43.0811579044189,8.453462206971622,Шу пуэр
3.019809209268365,12.417905801327262,10.198954946031478,131.10021354456504,2.499255256243084,Тегуань инь
2.876721830749879,11.764044028762092,12.50345001713039,137.47961303320764,2.1997883033981496,Тегуань инь
3.8736904880515617,6.583222543541964,19.258443661075876,43.22647203728554,8.116800368844876,Шу пуэр
4.621984660095194,9.620263195438033,19.62507982796516,116.52307408249399,4.272001106883188,Шэн пуэр
3.5963062056944053,6.736711545033534,15.497627771964954,60.77223128407002,6.861758494203367,Да Хун Пао
2.67468357832999,12.333586168947688,7.006722620193347,129.2522129953467,3.7825588257151592,Тегуань инь
4.242023924432527,10.216761940452463,10.857804514858765,82.48273193025143,6.363263079247531,Да Хун Пао
3.7308884644370557,13.921352207532884,19.59586635393683,98.81579202533933,3.8218965331803667,Шэн пуэр
3.5519572683820777,8.033225418780997,13.731945558381268,95.77782290791279,6.719093046088337,Да Хун Пао
3.6538659317554463,10.216091939696062,13.252972005638306,89.30558590897037,5.350940246958721,Да Хун Пао
3.7739120073181938,10.746896365554715,14.45892072891686,51.71640643334794,6.078450130777911,Да Хун Пао
3.80159685813551,11.053463020850486,12.752794980741282,69.96635989994871,5.872746691014712,Да Хун Пао
3.4737273769231303,13.446453034881483,14.765204565368148,117.45420305369433,2.2380255416897423,Тегуань инь
3.8356389619708704,12.500276026068411,14.680880887003092,80.98298871245076,4.418047482562101,Да Хун Пао
3.945559469443312,7.839979623211111,14.078626132048592,65.32338679937848,4.06741097905939,Да Хун Пао
4.098305140437295,8.806439260321085,15.478652051349806,75.77945012141448,8.032337024710337,Да Хун Пао
3.836427084005617,11.642082750264715,22.543018564973494,152.6918786885841,2.800989607484988,Шэн пуэр
3.6386637467031875,7.167109220229683,15.687953914900039,45.91356474163046,9.308799276848166,Шу пуэр
2.7535839962326842,13.348981019509933,9.315318122672235,110.66748449618612,1.4926743522269525,Тегуань инь
3.871520150772122,8.416538408776804,9.25656660682861,121.96146281867317,2.8284354897836517,Тегуань инь
4.14206284368102,8.996546879983702,12.94698660696777,78.897820076144,5.828550168512207,Да Хун Пао
4.216843002073251,9.903614341118022,18.239134478035975,122.00897261263947,3.651227318798698,Шэн пуэр
3.6032769612703057,10.641874312758201,11.623222290803461,98.42591552501577,6.136873320689385,Да Хун Пао
3.6093603467099786,8.03769411914552,16.343209377116995,42.897723697197975,6.5607503614273845,Шу пуэр
3.0296208750708504,5.81520823612686,21.103717543062583,59.51737522978046,7.29722138810669,Шу пуэр
3.0427277208211696,15.277163083764243,10.379686785674886,92.07232270136232,2.0871220132811725,Тегуань инь
2.566182643683464,10.094635052438864,10.892644295086127,121.25971504971682,2.7595628029296573,Тегуань инь
3.225866079551322,10.415158683575246,18.0264929095892,88.0895682941431,4.225056955421273,Да Хун Пао
4.602076320285549,11.541106652176165,18.893250311142978,131.5865136373426,4.626576389791004,Шэн пуэр
3.298426392896097,3.3519925781071973,22.04902535085338,38.57552034110992,7.0391544015304675,Шу пуэр
2.719914695997037,13.92324880078027,8.726769433795528,124.17863871767709,1.9026623254529564,Тегуань инь
3.021638852314161,11.77498374542476,8.386802191385256,109.59740753141578,3.102031297240574,Тегуань инь
3.7986470848835956,6.003598841547157,22.05069606851551,14.361608441347666,8.36791417719109,Шу пуэр
4.004717752943837,13.742533357947,14.02647334560334,63.02020339884558,7.568206447063832,Да Хун Пао
3.5272227691256517,6.467654142249917,17.59460682819794,46.564835103014595,8.39540138382046,Шу пуэр
3.653959943323154,6.231518866484278,20.870916671914834,28.842086093565484,8.4642851272306,Шу пуэр
2.8730105063867537,12.12966043181864,13.642597701626217,146.30536540051622,3.7949322529156273,Тегуань инь
3.8831203775127996,13.16811359289108,18.89368702386048,164.21170884536733,4.683628729479721,Шэн пуэр
3.1339593528089833,13.095770650003992,13.222232296999241,114.96091162439778,2.7232999099142865,Тегуань инь
3.640565833551861,1.7801820448460273,20.43916985435989,38.57071319479098,10.0,Шу пуэр
4.5589883606961035,10.85827557396912,19.85527243775949,152.1988651807946,3.5054231178383923,Шэн пуэр
4.105162538409454,12.092696182586993,20.530685072272572,133.30811587470674,4.827938267447207,Шэн пуэр
4.529755198135593,15.240478126876672,19.755925252068145,130.67908259679322,4.536301432208273,Шэн пуэр
3.5307521087436013,11.835677968983973,14.089316561926934,39.4427347988999,6.806100216800136,Да Хун Пао
4.013899227603529,10.317264109777598,12.431715413059182,91.7319235864211,6.448142144626706,Да Хун Пао
4.047116278113138,10.139162982403118,16.430964832995386,46.111791836335826,5.234504698957751,Да Хун Пао
2.4937996698125913,14.909177426972173,7.437861586308336,121.96586739069217,2.3439450633590324,Тегуань инь
3.2333375806286844,11.52050251798388,9.40535327460473,129.53056714291915,4.4423047911862446,Тегуань инь
3.6807957338919497,5.785496092809743,16.89796117530389,25.859801282029892,8.55808998292031,Шу пуэр
3.8436544416006786,10.918759733537643,14.714257352542642,99.56770545673326,6.351930770818657,Да Хун Пао
3.069648396920016,7.380014806323664,9.64154674910049,125.86896989899853,3.1019258873726576,Тегуань инь
2.8003470878133916,14.648685551387683,10.495331802217887,127.66832721821302,3.698566345371505,Тегуань инь
3.7226086708938473,6.622307843642844,19.547090830911724,26.273130107807482,9.99967401987199,Шу пуэр
3.115485289831759,14.389835038081845,10.96413367105105,127.94120110688583,4.801741947747146,Тегуань инь
3.1549743517542908,6.56487423619282,19.816919961163585,28.830649653421553,6.807456509192591,Шу пуэр
3.8630466053736114,12.81811465435687,15.972476746720048,131.9031754548056,4.9369689955892015,Шэн пуэр
3.8860673354877813,7.882521505774941,12.687027786362552,82.66386675385388,5.428864085640263,Да Хун Пао
4.140350519106339,10.427550619147276,15.52515614187578,151.2432580838922,4.1682058071112555,Шэн пуэр
2.886551233788183,12.663041902861185,11.030820805801621,114.57251194373488,4.130099316404514,Тегуань инь
3.747328118715494,7.7793573531326325,18.833769855394618,47.21542997145483,10.0,Шу пуэр
2.964408502167035,9.512073272321327,10.77540628252403,116.51596005113647,3.3662095977839375,Тегуань инь
3.456791701983597,3.751692052779505,19.240647058303654,42.59510709478339,9.819343097059747,Шу пуэр
4.168782083166792,6.403141371072206,18.76790194888775,82.18973872358086,8.255017061274359,Шу пуэр
4.205261070501917,9.83792611557619,15.890579853840293,123.4102257599117,2.8124734240128264,Шэн пуэр
4.29711566867372,11.629589271887106,19.949632645726183,126.55332265813593,3.371680014611587,Шэн пуэр
4.169859122992703,7.656990330703093,12.025889690926228,55.92416031494115,5.366745797726406,Да Хун Пао
3.0479974840720314,15.09738569609877,10.840377197449875,126.2068847578532,3.148627095302831,Тегуань инь
4.0586952684184645,6.096224242711453,18.83681213143679,29.586043566278967,7.8401607142330345,Шу пуэр
4.926734370325049,8.609721474811806,18.729692785935168,134.62088969692053,4.500464524985118,Шэн пуэр
4.416660512689937,8.40179576551369,21.562667712929038,125.49809718250948,3.903786517071801,Шэн пуэр
4.59285769095432,11.061519888304234,19.763381068959227,146.39671124297413,3.33665055833554,Шэн пуэр
3.3543382521433176,7.640605045049363,15.38018283035079,60.811190417371,4.949827880319289,Да Хун Пао
3.4506046917368147,5.969331799192567,20.2028948613001,44.861338334800706,8.48298577504564,Шу пуэр
3.9720396223965255,11.015921552054502,17.75632801879119,146.3327999215616,4.080082624623086,Шэн пуэр
4.010455293275166,12.611393124007124,18.133146030436983,156.2841410446109,4.250323293190463,Шэн пуэр
3.488438521446976,5.922359538646367,24.53528840779851,23.33603357176419,9.246683149610744,Шу пуэр
3.9843320368677424,7.961942719930496,12.330297694456997,73.90799531793522,6.863092453610908,Да Хун Пао
4.057848442286994,3.082355667045327,20.175925792662003,51.65609438486347,9.084661280732764,Шу пуэр
2.7422122611350286,13.822888472075691,10.689290452472104,93.24583305428725,1.978954839321678,Тегуань инь
3.568631008678681,3.3835212961230643,18.240715145264986,40.84745037989849,6.616611297042638,Шу пуэр
4.319109480688194,9.491565475233767,22.02227313271827,126.2437617168454,3.013020244203928,Шэн пуэр
3.0529720075361135,11.488145091527828,5.438524309256154,123.34683027609249,3.4109825769008753,Тегуань инь
3.085747841880763,12.707089442867854,9.666144139782869,121.13569931935251,3.4174719587420146,Тегуань инь
3.7896738303608823,13.533965849457557,19.45877532298492,106.38943608503082,5.90054025543411,Шэн пуэр
3.366762401602209,11.82488412285572,12.671568672640465,123.82820125283811,3.4098284573286928,Тегуань инь
3.3871363688649607,6.914542389358317,19.662696493199096,61.0132279046945,9.150081130345024,Шу пуэр
3.6801353175234714,11.836656519381702,12.247881071778844,81.72697051261714,6.009552286256847,Да Хун Пао
4.41423412456599,12.005327326893614,19.677989020949653,169.86480319832958,4.595286060338039,Шэн пуэр
3.2606351709144517,3.504403944113652,18.82535847447244,42.92655959714332,10.0,Шу пуэр
3.221303249860826,4.154261769999772,19.19281576296133,43.51646674723147,10.0,Шу пуэр
3.767529998503108,10.745648077305141,12.13152187170408,110.92698729097413,4.815315356337676,Да Хун Пао
3.967568401326492,10.332896503628248,21.043087731962974,159.32099105393277,3.1883999488078927,Шэн пуэр
3.1931816379830575,15.738564952296755,9.886090917572941,102.56356829790104,2.8976032933889035,Тегуань инь
3.8270470483002716,9.550044345424464,15.336835370572018,83.38789754474828,6.726872863696424,Да Хун Пао
2.9760845367280804,12.745002513670848,6.696481703641465,118.60052025519762,3.180363943026398,Тегуань инь
4.23050185339668,9.500999291226908,12.656304520477589,64.8655103361762,6.581198811994252,Да Хун Пао
3.2573927643771463,13.781251082270735,11.096855841659599,124.09806034278184,4.445125956926534,Тегуань инь
4.2612072655693405,7.06749168755238,15.375304969018025,57.841880548084525,5.116574843912364,Да Хун Пао
3.5181405344352106,9.61575969513325,21.375522263199745,41.706222302292154,9.45855913621217,Шу пуэр
4.225799719501564,11.993518813350079,17.879345534340466,151.35677553011666,3.956790173103985,Шэн пуэр
3.5710845834637848,4.848893896402544,17.29980176374716,13.892455164582767,8.757380952599727,Шу пуэр
2.8541076272780006,11.29126588999577,7.792518604435985,143.82414160723894,2.4385169732171166,Тегуань инь
3.2071456062203305,13.315394444049561,7.090355029484422,120.43664919865004,3.2267860461091353,Тегуань инь
3.4491169992563515,8.838484614159087,13.10224475943923,72.51593675057082,5.26424800974968,Да Хун Пао
4.1977339375645055,5.1616173032554595,18.49567826386496,37.29539465725699,8.623895809440418,Шу пуэр
2.5895522402263005,10.8222901019624,9.0823190137014,134.10434197325384,3.612965380474599,Тегуань инь
3.934803440370891,1.050583164664964,20.144035283834103,28.150204691985955,7.909552747449522,Шу пуэр
2.3558132910784035,10.596931685894244,11.55553477816985,98.93596352863877,3.026585341326099,Тегуань инь
3.0880990949343383,5.658800079229299,18.465565862938718,38.647113799339174,9.8479587434637,Шу пуэр
3.0065556436570327,10.519949968877423,10.483289043353503,113.89584376841161,2.6387295749965545,Тегуань инь
4.410907637713623,9.194028697348967,16.95947341576316,128.85319388668324,3.243090127234935,Шэн пуэр
3.864861402896806,8.039664853770818,13.15769403468569,84.95779292881393,5.374375893598604,Да Хун Пао
4.123253059727226,9.515679371831697,18.11505411429998,145.43889499544898,3.3495795473268046,Шэн пуэр
4.44759770321145,10.972915619502924,12.669876559276753,91.46171608252685,7.347323241613559,Да Хун Пао
3.4389908673658685,11.63070896004112,9.176723355567582,119.81521060606033,4.771341242267684,Тегуань инь
3.0698028634064114,10.661541188137384,11.4276402729648,99.86737250443639,4.133680478756702,Тегуань инь
2.8218755727986444,9.46130314931984,23.393173365941703,28.089346874517197,9.58416907335229,Шу пуэр
3.690284964306137,8.471874436084846,11.63881132049302,74.39835550475728,4.677713604099816,Да Хун Пао
3.448482393370319,14.340080270458126,7.935474658844326,101.33691181708696,3.411171918015963,Тегуань инь
4.692820290581289,11.984820149790812,17.807256664726445,130.00976279059407,4.508375325017948,Шэн пуэр
4.057275264206215,11.959853638184773,20.492836439265922,148.50455989375584,4.356908849215705,Шэн пуэр
3.7878771577250223,4.631657840485969,20.47113974127979,51.58809711374141,9.788907883383239,Шу пуэр
3.695074701673509,5.432686098206597,18.16449292516497,48.72775658960618,7.153662988879519,Шу пуэр
3.261428633384457,12.53278918143678,10.406776481239888,134.93552078849885,2.4623374230969777,Тегуань инь
3.4672564545316,4.078331215719205,21.322756379783417,63.1523928402183,9.749457015406565,Шу пуэр
2.731581894313252,9.341655929677682,8.435167332077109,114.66452526643448,4.960484600783027,Тегуань инь
3.824008421296451,13.638188303021625,17.999570282487475,113.77222955774715,3.107267790761991,Шэн пуэр
4.629329749676789,12.847141402592355,20.15466548356936,135.5717493931901,2.3855187459096108,Шэн пуэр
3.5166731364790724,9.378962407420644,16.194655014405733,90.99362836156303,5.511980098438065,Да Хун Пао
3.365852702801016,2.4045599527982526,17.885690251723453,39.847058265624305,8.805020113880213,Шу пуэр
3.931611644707769,5.042620510903037,15.639267582523622,40.552082486454324,9.739692508412922,Шу пуэр
3.909646203511551,10.61739950425671,10.47742119071491,85.62886217250104,7.973521436813671,Да Хун Пао
3.4246692235889262,3.5233555405172075,20.184708076508915,45.49676719857326,9.369358059699904,Шу пуэр
3.62833891947414,3.4620545344490234,20.021971027055052,49.441060091533004,8.809928327099255,Шу пуэр
3.9015680642914066,13.177137264397196,18.975940160202107,153.02872906600868,3.5905344474876326,Шэн пуэр
3.0471145702336035,10.731588126834211,9.21907210107438,96.96536895110822,4.030195403152731,Тегуань инь
3.2505333737743736,12.997409702383369,10.94227258679986,91.62080620032134,2.815824253484778,Тегуань инь
4.101182538776192,14.957926136268199,17.571737815599896,126.28167429809116,2.680969816331488,Шэн пуэр
3.086735819606995,15.109230385495533,10.770075875312202,107.32432008046274,1.7582444711216074,Тегуань инь
3.605788161175152,3.4408254311797686,21.344228630192873,51.57811438554742,9.197556282527504,Шу пуэр
3.7734713792858656,11.605922671929218,16.218975132738812,151.98369391386532,4.322909230404723,Шэн пуэр
2.3603861157806074,11.150803139450996,14.105369963891782,113.87417059117911,1.0,Тегуань инь
3.532845607834126,7.885167514932766,19.528331512371636,41.39019169043506,8.538973719419161,Шу пуэр
3.0770541713156567,4.750550589937802,17.848528082709535,41.910437134847285,9.588703278215151,Шу пуэр
3.7534600606458217,4.96291028110122,15.113233331355108,70.87628079201325,8.022108950853475,Да Хун Пао
3.271847345578591,6.04523168018886,15.784621224771193,34.86770663901929,9.419464892853249,Шу пуэр
2.985022226704124,12.000151907564545,13.257873895247982,145.22724928951237,3.619701965482479,Тегуань инь
4.3210128727580175,10.822848664415995,14.2438920744984,121.14524486945976,3.9341966789278158,Шэн пуэр
4.056934793090017,11.165918793548299,18.116288435414262,155.8675215219336,2.274365174855367,Шэн пуэр
4.170341065211314,12.059724121186063,19.67249649270474,151.87248398127238,3.4315579162822525,Шэн пуэр
3.695524442420912,2.8323317261481615,20.294644660972942,27.858194063540086,8.645412452748642,Шу пуэр
3.313422461950937,8.898406025603208,13.808232794868058,96.09886747683736,5.6650679627263925,Да Хун Пао
3.5946331927460595,5.681614648574323,14.667098023272409,76.17253737467819,6.32827396208103,Да Хун Пао
2.752655635292628,11.474091865553602,5.211479390199057,103.7635920391757,3.805678639242501,Тегуань инь
3.051776375316636,11.355569961466028,10.698701245120859,148.23262320306074,1.3997941509565226,Тегуань инь
2.613773225617791,13.68398482583727,11.861676452701058,125.29080244539514,3.0679866260510886,Тегуань инь
4.270586912750961,10.287841602573199,20.136819049149636,132.84318646972878,5.2838451268293,Шэн пуэр
3.7185870521204825,12.295717719761818,12.760714033971977,94.16623802810409,4.8994346669698485,Да Хун Пао
4.1317738107733035,13.573617414446753,17.41893110055416,129.48438764018294,5.784948122880138,Шэн пуэр
4.077548047203314,13.643774740378248,18.104267176447078,122.89722909276982,3.4709615024323606,Шэн пуэр
2.983865234754504,12.938101060317802,11.174518333605585,110.66688832057923,3.6978168390000046,Тегуань инь
3.4930298867448903,2.962774150055967,16.81597399551709,54.948323267476056,10.0,Шу пуэр
3.77364929641889,11.463244908777234,15.562362410447484,92.3850642995549,4.610476647781875,Да Хун Пао
3.940808197886232,10.517713758040804,12.309359070044863,91.608367713648,6.850860903859193,Да Хун Пао
3.2670897083461337,13.302400879173248,14.516492373994454,83.62178239403644,6.631804699211929,Да Хун Пао
2.7123352197513,12.633161535118566,8.623255435538482,111.65712061726312,2.7261494944537628,Тегуань инь
2.6433710837031446,8.393659874280274,12.725285279606682,116.68549023320469,2.9015539976921203,Тегуань инь
3.493325661545237,6.614715633966245,22.443457332435187,10.333764064493078,10.0,Шу пуэр
3.311454580958963,6.897694993925502,21.257592587220607,56.84017381845608,7.817549427793563,Шу пуэр
3.514839137844277,9.036067123559361,13.473045499641929,105.06681842844871,7.915434691572861,Да Хун Пао
4.128158680465103,10.78384655887626,20.972348095781424,131.2471493181344,3.3503943673983354,Шэн пуэр
3.517099716234989,11.659360186314471,10.628154447739599,123.17414599192576,4.5317788906010525,Тегуань инь
2.8411521872808594,14.666619985786152,7.434730699478957,132.4654778650196,3.07898871634001,Тегуань инь
3.7977298110106545,9.918249688104193,12.666498299586289,80.4500980779641,7.191593614182566,Да Хун Пао
3.5021459576498177,8.890168768148865,15.516706065288131,70.67807048633338,4.352222858895529,Да Хун Пао
3.3918005225120473,10.127020909516439,11.633551734401582,120.09025020654107,1.6795110158429627,Тегуань инь
2.8746793535034576,4.696183465065238,20.884909209939423,21.629428335241894,8.109979250236396,Шу пуэр
3.663982021846527,13.099318951758477,18.261089324352504,149.08287807836464,3.453675641487333,Шэн пуэр
3.7775693235305816,9.547983941064867,15.408296283279569,60.2745634169337,5.852926500491396,Да Хун Пао
3.8538940042340157,7.948747200200386,10.31175909766495,88.25650266402178,6.911228005190647,Да Хун Пао
3.842350705649792,4.068840379878937,11.264115445236275,87.89303027185844,6.267774197492511,Да Хун Пао
4.432568756055215,12.628853333648992,19.77861078220882,135.10064999648296,3.28759512664784,Шэн пуэр
4.230798205330314,12.154765598191691,16.114378540482733,79.41606199272739,5.939907752244869,Да Хун Пао
3.9582246664146927,13.212784876367746,19.118186666050036,134.1749914530103,2.5612248727598006,Шэн пуэр
3.065606579018704,12.317722358470405,9.681630257239878,118.15973043757309,2.14079398142443,Тегуань инь
3.751001856983136,11.82082192779643,15.604755380963756,125.8259924656985,3.9051553930714977,Шэн пуэр
3.2948218533069173,13.493134275643332,10.354792229273881,100.84475332544658,4.472953572189574,Тегуань инь
3.977395972533078,11.30768906803094,16.70419424961998,140.6620834499839,3.7988102365052496,Шэн пуэр
3.133821660444624,10.49268319711057,10.54473951054848,106.9949211551486,1.0918695867747332,Тегуань инь
3.1106252352247497,12.27977278980324,11.336652036215995,121.25431616115836,3.0521733186575335,Тегуань инь
4.312030292125692,6.089473079703097,13.293512616344783,63.61726509369563,4.606164847965374,Да Хун Пао
3.2036740689215684,8.837900791538551,11.413699281798102,135.38755264327858,2.044374832598602,Тегуань инь
4.265820800926172,11.97652779836399,17.499561859515737,126.40289075789927,2.5864914017518146,Шэн пуэр
4.234554264945837,12.805770565311951,19.66628506415022,156.60738928164943,4.370608108824287,Шэн пуэр
3.6240453047240107,7.750722017056244,12.866573949379701,85.92714228547588,5.695522192253473,Да Хун Пао
4.180142210193372,11.973097105304737,16.311527205966538,112.81117450147038,3.9225611323677976,Шэн пуэр
3.6349935024039643,5.8364323266732665,20.341250157079585,47.276226505961944,10.0,Шу пуэр
3.7387515965659324,3.903309426370128,18.03316804268194,34.046292381433126,9.276958675219365,Шу пуэр
4.111810713475566,12.656520296601306,18.46818616159546,101.31613907104676,6.455298438416576,Да Хун Пао
4.295866202017009,10.452241694918374,18.735308653285028,151.80626663147308,4.578398198016839,Шэн пуэр
3.0684684990416717,11.389334729008773,12.922357733440657,104.37618551068093,3.523950954192671,Тегуань инь
3.1596927556660046,10.626497022549419,12.910091152541423,103.59792944307026,1.0,Тегуань инь
4.207788634030051,13.501208465444112,20.179700492630545,150.87986094719938,5.123102110260895,Шэн пуэр
2.613314352696479,6.446305609533375,17.676131187239825,32.97361453150813,9.276414364253755,Шу пуэр
4.9151583113945625,7.419498371664908,18.506228288345433,132.65221687116275,3.170181617792471,Шэн пуэр
3.3860940424572314,4.779471248711701,20.579770951836803,47.34075908407614,10.0,Шу пуэр
2.9137849915352474,16.6758127078725,7.7609282494589475,126.65719064074656,3.566187758574833,Тегуань инь
2.747953056911242,12.094440237041239,12.295625321467128,116.95629022806679,2.4422286540105764,Тегуань инь
3.9587550115275123,13.483698193557899,20.076995707282165,164.54637818512498,4.125836055220833,Шэн пуэр
3.4927107848687555,6.346358011982726,17.871054507747655,39.57973322656384,8.645302697040323,Шу пуэр
2.9697133661181856,3.59091165961708,21.593088061039992,17.716569951533927,9.016129415276003,Шу пуэр
3.8866750535074703,11.859339032184959,18.370126718485707,134.62986041163467,2.890762866396993,Шэн пуэр
4.3773319543291676,12.016893176384267,18.600736350644734,151.13907438852937,3.6786574699627543,Шэн пуэр
3.863259380626426,5.169294824425538,14.857930782254398,101.92698751320958,6.522360213834468,Да Хун Пао
4.173621777174031,11.110898623141056,21.243568301969177,163.18844719667973,2.9972214437208855,Шэн пуэр
2.6678862953869538,11.382984928444117,8.34658990616621,124.34038735435666,4.933793485188187,Тегуань инь
4.227457931771658,10.36697711670107,16.945538806624683,138.26490736280826,3.7653231840777392,Шэн пуэр
3.6852725146865053,9.5444651542294,14.627187119965699,131.7377462399931,3.1296263257089185,Шэн пуэр
3.9453360317745263,9.204975349455623,10.904334334520177,94.49194521506159,4.809516245311645,Да Хун Пао
3.8895837027945768,10.304397627992449,17.36598269851584,142.32188366785758,4.339592623255184,Шэн пуэр
3.9097529767874297,12.993819211070768,22.673790339658026,134.70355502873292,2.6843364447255675,Шэн пуэр
4.211702702859955,13.489068610310381,16.096059155234506,76.08103413438118,4.662456306707106,Да Хун Пао
4.014583677964438,14.094396326041272,23.85333551746274,144.31071064465326,3.66743681852164,Шэн пуэр
3.6385409197305494,10.779124007720682,8.195153810414975,128.33373132975188,2.7453918302339697,Тегуань инь
3.887819743547549,12.894361423038507,18.88904796748733,130.68482367788937,3.4870052508032563,Шэн пуэр
2.497595116588693,13.476951255751354,13.33577522223904,117.78836265122749,3.272645263432129,Тегуань инь
3.975375112805725,10.821418876593109,21.19228473271068,129.8368998063965,4.542676346560329,Шэн пуэр
3.9929011262466676,9.646334743425875,17.060363873476348,138.82440457811356,3.3227020579329682,Шэн пуэр
4.0509825891618885,10.446450023509373,20.962145597383667,164.02357066843138,3.3911490918546425,Шэн пуэр
3.0713206806996833,12.69010895583629,10.470552223176528,98.36551296660883,2.728325616312708,Тегуань инь
3.755242211260176,13.914932758921845,10.565173965838593,136.57018823103795,3.7287142340743458,Тегуань инь
4.186052678793651,8.277741109224317,13.285389879466369,75.73851491958825,8.6264849090369,Да Хун Пао
3.221254670540126,13.46477464193918,8.74482492712616,120.4662838165673,3.5196605733465027,Тегуань инь
3.4371773518881175,3.123505724501915,22.053811492641238,23.83625128594431,8.719266599149288,Шу пуэр
3.508406656107763,4.742375215227306,17.067628035060917,30.757373737382142,6.67290020305469,Шу пуэр
4.115391285663017,11.45576811853163,18.46457834590505,117.6791488410222,4.8663974003576,Шэн пуэр
3.8248154605589564,9.997794008338303,11.676533282131306,76.29764306732622,4.976352238300109,Да Хун Пао
4.312532449126257,8.79625386192393,21.816897688492713,153.62880202419723,3.6516156489376788,Шэн пуэр
3.6606858823413653,6.708685628268482,15.95333073995626,95.96468279370774,6.567170707019694,Да Хун Пао
2.9281933117580925,13.519893342873576,12.902357698042128,119.3011909449099,2.011372850565394,Тегуань инь
2.9040986350928097,11.40865459837879,14.070146605462135,125.68920051547744,5.445130145058917,Тегуань инь
2.6893038741522566,12.354196973982523,9.651654532390085,121.538297755894,3.962657572486841,Тегуань инь
3.3525033155103547,5.30586603325831,19.73994787700302,23.866415707854767,8.302442793403692,Шу пуэр
4.184823779569971,9.482361215578852,16.844527283905474,145.4150165544716,5.889379546017354,Шэн пуэр
2.6343560818729115,10.477810141018775,11.117097918548447,153.64380468604477,2.1204903713410577,Тегуань инь
3.746017973635008,6.841589172938585,11.086029158437464,87.40147982275543,5.093063014904099,Да Хун Пао
4.755138970153126,8.867062625088415,18.030399200995525,135.6094375336777,2.860843924465719,Шэн пуэр
4.290914484879815,12.23651660198747,18.066421623912962,159.08358292658147,4.301124742852024,Шэн пуэр
2.9949596527487135,11.759118663871126,8.880855427901022,129.59439614246853,3.756248163629806,Тегуань инь
4.247728872656702,12.284228832400078,23.183338178790976,146.9357848827548,3.3953662634575537,Шэн пуэр
2.9658157627035373,12.474690967841735,8.922457364764513,120.66318567156297,3.986136316960768,Тегуань инь
3.4684327597247386,6.25455505201298,16.44720340731541,41.362000354150716,9.54113083821804,Шу пуэр
3.2306556500300667,6.468298871377981,12.182004610972566,92.37406834421154,6.2566944990430855,Да Хун Пао
3.5905912227557812,6.594521902109865,18.868722503289924,43.77781622942508,6.618732659878079,Шу пуэр
3.726156520980105,5.342154730594395,19.180702143263996,82.86157634709798,8.565300526276866,Шу пуэр
4.1138156753143695,6.821904870559738,12.312380042950554,95.05214436316496,4.333242067009762,Да Хун Пао
3.991980849740237,9.538052674651471,14.415501195228249,75.30269091637578,6.784954288687918,Да Хун Пао
3.863438045709175,5.588917470093814,15.092223661784894,71.24169591361671,7.0520748860237426,Да Хун Пао
4.31822548598843,8.647879804546161,11.84942323955725,94.62127722629873,8.84529439490764,Да Хун Пао
3.7759448029042044,17.217283524039527,21.561888417560848,130.79686161066275,2.5327580065132334,Шэн пуэр
3.7387334029232697,7.612089437965822,18.739834979488663,49.88196052549289,9.13820512935328,Шу пуэр
3.299589620033271,6.356449025432474,14.47023988630333,79.16081851932098,6.645112687661121,Да Хун Пао
3.3015749323079553,4.554167834486931,19.70385519090449,47.46884401404068,8.249998263751488,Шу пуэр
3.910372235216291,8.144501352524546,22.380611407020236,49.0749006351831,10.0,Шу пуэр
2.9524095488883937,11.676699455103375,13.69565002591209,125.84537557980003,3.1840578312715655,Тегуань инь
4.73436807827447,9.752263496943598,18.73921152216094,123.40126259318183,5.981199998686964,Шэн пуэр
3.9765920455212207,7.528394883006062,13.621508606863216,63.89446380923299,4.444160588335065,Да Хун Пао
3.9822425337938583,11.549590917227645,22.194055719701964,130.91825768192052,5.179337809719206,Шэн пуэр
3.2962668717128847,8.532694743577606,15.991717448744721,88.2538061455055,5.257321145298847,Да Хун Пао
3.9056738525651165,13.489170030273321,18.433313652585,92.84500546962883,4.226059589102025,Шэн пуэр
3.5985103918494614,4.524442928212481,18.38743635863063,26.462402403350623,10.0,Шу пуэр
2.9577627340750845,12.412580473407123,6.538656788985564,107.06523060786685,2.61575408711943,Тегуань инь
2.8163709602820575,13.368239553676537,11.230513533937122,109.85974041477947,3.4730871980274753,Тегуань инь
3.852710136849455,10.85049641771853,16.85396953445294,56.820500817068634,6.046203275814953,Да Хун Пао
4.42657553279283,11.14258708604745,15.689254992025631,141.51352302720602,3.0886885112663283,Шэн пуэр
4.2176212762922765,11.490696650147399,11.696812933184088,76.44110421353896,5.525919526633639,Да Хун Пао
3.93494459796696,9.978978607401924,12.603557080534856,79.39486420198982,6.00430764234316,Да Хун Пао
3.7747790906838796,8.839982768877395,19.230899779964165,12.87783929693881,10.0,Шу пуэр
3.637911786504496,5.796296862487985,19.52773981644403,66.67481360079734,7.811119846402395,Шу пуэр
3.790239881877503,3.727699262057102,21.347588787335514,20.708049449368136,9.516702818648467,Шу пуэр
3.054970331166572,11.038979570927602,11.581603442357979,102.7370323622165,2.683802295418812,Тегуань инь
3.407756272572131,13.515276120402111,8.760668131742772,120.9450355250205,2.7641706378251474,Тегуань инь
4.095489191029778,14.330742180275045,16.070935263372824,148.36094835790433,2.2379997629963873,Шэн пуэр
4.0481518398863665,8.388710953908177,11.412990281323248,64.70623237748835,6.78651675133183,Да Хун Пао
3.0803134387031506,12.826894389089901,10.343920664874119,120.57871684471375,2.4568291689438864,Тегуань инь
4.0113163935201674,13.019830435702833,17.848482951123568,127.89880622831612,4.608890516577031,Шэн пуэр
2.8816184631421233,11.403321290224941,8.072723111262391,76.04108436220837,2.0734668888428494,Тегуань инь
3.4007368242159526,7.398377412665044,12.37405195071964,82.48418225348978,5.961089965213782,Да Хун Пао
3.4345912615686736,7.1111068448860655,22.924710526946722,32.828754133692634,7.015856776871004,Шу пуэр
2.8612406332399947,5.81107531919969,19.39847083030653,28.548410240340093,8.5733950169409,Шу пуэр
3.854759222525797,5.088115147251835,18.890855188719105,39.04736988342597,8.553930621541166,Шу пуэр
3.0659990051915296,13.542229168619748,10.537826895357203,130.8642401618434,2.2501866617154826,Тегуань инь
3.3318866130179665,8.704369513474445,8.95735416272543,144.71090996404993,3.6328579146073063,Тегуань инь
3.0271754720705237,15.51182260822734,7.938372559457692,127.16294005900193,3.4202267094745857,Тегуань инь
3.1258047590917495,5.745488096141156,18.645451631981445,70.16389168600772,9.995539328162682,Шу пуэр
2.6709643264636083,8.703469048412778,13.59518904486863,131.50234307676365,2.5878506215430326,Тегуань инь
3.244352358210322,4.746818307156181,13.904734869294492,58.70817131713676,10.0,Шу пуэр
4.305392902796376,8.449383956414625,20.057654986769226,130.65156224830798,5.731428751032343,Шэн пуэр
4.550923854295656,10.796527332431507,18.04479541333364,154.3194169047846,4.3680100364945185,Шэн пуэр
3.72153742079532,11.650156191297192,17.933495634634607,126.98613594105089,4.785060918249986,Шэн пуэр
4.284542564605066,10.964435852295468,17.290030438183237,147.01422239851533,3.265852253385331,Шэн пуэр
4.075918427176675,11.362983576742065,20.22200391965052,124.34132338115802,5.592728456019568,Шэн пуэр
2.7220272175783427,11.176141024277713,5.17443933814102,119.58026315204673,1.0,Тегуань инь
3.735814056841756,9.254982055303847,16.131370349440097,72.4907278101702,7.336379457876824,Да Хун Пао
3.4387791454854697,6.965334544525609,21.205873887510446,27.2988386067397,9.28117316564348,Шу пуэр
4.747463705342135,9.695767109261766,18.179318537096776,139.88410578341478,4.067969971163625,Шэн пуэр
4.068160945995933,11.351685648689838,16.457501680175195,124.15632511002207,4.200005308218255,Шэн пуэр
3.679165117668128,8.195269334637844,15.091587519699905,96.2206219090572,5.553794735652738,Да Хун Пао
3.8038730559466774,8.57815202372079,17.49594255507688,129.58010969931712,2.9116922069453075,Шэн пуэр
2.791217216498789,10.26823599058507,7.9554394367053405,120.51917811277883,4.324955679381631,Тегуань инь
3.7736280537892353,9.758910293837694,20.06352483022127,54.100899783143326,7.664776058748272,Да Хун Пао
4.12676738444337,11.547470803135118,17.26629528015329,153.285284804791,4.102310333808861,Шэн пуэр
4.146612733276294,11.491978261766373,19.964772474664905,120.38499652422591,4.50526751593277,Шэн пуэр
3.9504716477211574,12.558470605723675,19.51922269580643,145.3956724835616,5.97697536811318,Шэн пуэр
4.318551942844646,11.906570517543297,21.716368294209957,128.19497024791187,4.97279236143574,Шэн пуэр
3.634392581296527,9.210564421242996,14.485288542647725,79.8758017410562,5.9361294148755075,Да Хун Пао
3.8163870096669386,12.34432425914173,20.751311063706602,167.59253004233847,2.9588768640512093,Шэн пуэр
4.066763563690346,11.650880939318451,19.58362553485262,136.0643280393475,4.179171774600874,Шэн пуэр
3.874627331723152,2.8226034324548714,17.872880541130566,43.73400865594987,7.391193290730028,Шу пуэр
4.270378674268032,16.88784701998626,22.57124149724261,139.23730074336078,4.989064621375539,Шэн пуэр
3.7078618780742643,10.569555899494214,15.479262409973124,74.93855368840738,4.9633771008354,Да Хун Пао
3.6986244603745257,8.361645471995846,21.684253918275267,30.095498259670165,8.785725057445536,Шу пуэр
4.109907522529106,7.012495791913753,25.04756290524478,146.68892522507682,2.621898658465976,Шэн пуэр
3.6081775032970524,3.1694491499956063,20.18965371946075,26.033897680868453,9.571174066291047,Шу пуэр
3.5968392392279744,4.961406531520439,20.607674851275124,16.26749475809623,8.877916112028608,Шу пуэр
2.8217550132909617,13.799683644438531,7.152531129201879,119.12383134211976,1.8477511587232325,Тегуань инь
3.490390326451527,11.277287901878989,12.356329407184893,80.69769755322112,5.914392702258852,Да Хун Пао
3.094681501077102,12.164736320711775,11.097477637728254,123.4422257319541,1.8158716681017277,Тегуань инь
4.368857376054717,9.679562581698127,20.47228852452211,148.86323110237456,4.095695377596256,Шэн пуэр
3.7410504738805677,9.227097353575754,14.26359685402164,72.13377660543435,7.468081822665297,Да Хун Пао
4.230793437440533,9.403720918950464,15.377223401957774,78.26997507788995,6.526698042104576,Да Хун Пао
3.01841862586023,8.115911837715803,17.611269038551082,41.015068870940645,10.0,Шу пуэр
4.123308088485661,12.268366097997166,18.916160577515342,135.62339421270383,4.195818387881461,Шэн пуэр
4.288809923112785,9.622360072783453,18.837785686901277,143.6010726896312,2.4639150409552757,Шэн пуэр
3.36175608626647,13.045398771593634,9.624658018143096,131.0337463864256,3.0865055419214618,Тегуань инь
3.835303089458412,11.290992295483196,22.384630312235625,145.4950545340109,2.4432840478639166,Шэн пуэр
4.269733859360976,10.44129441900538,15.72617503609071,85.7124387925651,4.952791239922964,Да Хун Пао
3.6128133108867835,6.291707206313174,21.86527768598224,39.51494321957177,9.404982318924677,Шу пуэр
3.887361560339448,7.446959964768114,17.55343969423524,52.12636006831197,7.367401527738422,Да Хун Пао
3.3743453768224887,10.296513239233061,18.4391330907111,32.17692032820425,8.098965970745049,Шу пуэр
4.009051185045524,10.790841288152443,16.97186161422944,142.55036471381857,4.308175088725083,Шэн пуэр
3.7659938006480576,12.511698268836046,12.903308924269963,91.58317216028757,5.721746231542827,Да Хун Пао
3.376898007996467,5.608167551817618,20.786753740508193,28.027699633677493,10.0,Шу пуэр
4.021894412579304,9.595525520048573,17.93856593613532,57.83176171530811,10.0,Шу пуэр
4.105853275299388,8.126286834754579,14.970245117739163,101.61218897006395,8.79969722183731,Да Хун Пао
4.239860845887704,8.033051170775847,14.825782790444801,75.81168621182475,5.073921959649508,Да Хун Пао
3.7832944842050016,10.35429071888282,14.103664197985694,108.17568697989694,5.347203706154206,Да Хун Пао
2.895769221540413,7.766663548754608,15.127248673505356,49.89226321377844,10.0,Шу пуэр
3.666822582146945,1.7802637911803805,21.45965757803106,73.09787960710602,9.504444647662469,Шу пуэр
2.9743704281819086,6.5095234584179815,15.98421389839066,28.017913826605273,9.68403791311738,Шу пуэр
3.0271469344883624,13.114508010555708,8.154227116209466,105.00431656995929,2.099103004695425,Тегуань инь
4.07768076851867,14.81614538789142,19.81227450941088,144.02538482027785,2.1780417704319195,Шэн пуэр
4.544622704946823,11.326576516310652,18.942643424650402,147.5181249067132,4.174819327020807,Шэн пуэр
3.495975263922557,4.807137464960525,20.20938005977625,41.289902211214375,9.327746469951949,Шу пуэр
3.2803143855793775,6.429481423671199,17.763388365586913,27.932100546627797,8.308230256997687,Шу пуэр
4.075827102994095,6.844341079738517,13.074957232114349,85.13005186131532,7.64811216182388,Да Хун Пао
3.6244434653218964,8.401603438188413,17.944391903887627,72.33748161420476,4.653938672155013,Да Хун Пао
4.3319771900063,11.406994418079869,16.899160113302905,153.49738748192425,4.2756367823290775,Шэн пуэр
3.769733337762719,7.220176425694779,18.622511573977544,125.90655887220862,5.495706721180029,Шэн пуэр
4.933895357673097,9.992539511930335,21.54008586785385,138.74266217747055,5.240596546193072,Шэн пуэр
4.297212836069749,10.030036356337094,11.502514778584576,81.8704591647702,5.734459525370764,Да Хун Пао
3.6383533492699813,12.396354140809837,17.498604126991676,142.8446074853358,5.2117489071961565,Шэн пуэр
4.290333950130209,10.025119457418942,17.810545312452007,145.37528976521054,4.973996337759487,Шэн пуэр
3.7530735562570103,6.821282289990981,14.74465112012061,89.0163775612144,4.522692245682668,Да Хун Пао
4.1718043701646135,11.990621182528798,17.212487323411054,134.6050748199904,4.90236741713532,Шэн пуэр
3.1702380972316266,12.107038274405118,13.116616411654011,87.26965266967554,5.788453396919471,Да Хун Пао
4.494971990833621,12.597871262211044,18.464410852649635,134.7711955106752,1.8749898750969836,Шэн пуэр
3.5108674438296834,12.464092866622632,10.549291475984592,80.9620520356723,6.186052843652188,Да Хун Пао
4.148630176772302,10.731196573271305,19.902174567407645,140.3179796526855,3.1192820792885585,Шэн пуэр
3.1460917442356746,9.81019173111397,13.994593061495987,106.58480930883707,2.5916668371733307,Тегуань инь
2.4726814825930106,11.484752279599755,7.9587539609733255,146.91555081900538,4.6835862095380225,Тегуань инь
3.917968933095448,10.306852259470455,16.049513467501544,71.92551357025026,4.9379537411534455,Да Хун Пао
2.6445168700748924,9.66634980946543,9.352416591426799,103.85632199521848,1.5823158298404303,Тегуань инь
4.367914665626763,8.230384143734176,13.659180685530036,51.24776192352385,5.0795442437507,Да Хун Пао
3.3386916878162674,11.151255346590093,11.274941805302243,123.73180964701625,2.998607348556651,Тегуань инь
3.94407234575353,11.663262672571683,16.519411705760813,76.74284580385529,6.177049347509913,Да Хун Пао
2.803563691371183,12.165827985181396,11.56968807321627,115.23140177057306,1.8507960028117059,Тегуань инь
3.7937880907681296,8.263981637624179,12.783520541325426,57.264621177297926,6.623291066251971,Да Хун Пао
3.8353491423462915,10.736994743129818,19.364778429447753,162.79287018963777,4.559370067307358,Шэн пуэр
4.203100668954707,13.297647589005672,18.274778099126166,159.45585794736738,3.3562525747337495,Шэн пуэр
5.0218512399324915,12.471880891273242,14.489648883051913,144.9546096826632,4.630612362483333,Шэн пуэр
4.571115162552741,13.299554345132492,19.202614110306527,138.18457376330036,3.8387705688191986,Шэн пуэр
3.6612980883436137,9.466717754762835,15.739522374329912,99.65059539300425,5.625204925209917,Да Хун Пао
2.565866258273074,8.286171101751464,9.152786787078323,125.48211708964251,4.226292955648949,Тегуань инь
4.304715075602029,8.039167308613425,14.341016372039299,82.07335138211454,5.830125516420261,Да Хун Пао
2.7369417665497235,13.953516608002637,12.003490795303014,133.0583341412959,4.276980832198044,Тегуань инь
3.550543168200087,8.893724008850901,14.519083531143076,75.76978277097186,4.291600107046652,Да Хун Пао
3.778034502804853,9.016511846727832,16.53524712160781,93.65152242409657,5.391632504095981,Да Хун Пао
3.4161509612258305,11.956788528185221,11.155896467719735,109.73390450218385,6.718347886894163,Да Хун Пао
3.7888881719748344,4.954271660643331,20.328641318763832,51.85590215449258,7.740586933293867,Шу пуэр
3.1744915109960363,7.2325622772885545,13.848457047080352,94.63984924723762,4.295900374352595,Да Хун Пао
4.121368733176611,9.183529385539684,15.7420048698794,132.9221052841787,3.8281412010130023,Шэн пуэр
2.747030918912139,13.937232283439494,8.178850232157103,112.73954802640986,2.2876629355872913,Тегуань инь
3.3372326539664527,1.6546058681441327,17.72615483717913,80.5597766091908,7.340112118580312,Шу пуэр
3.756857110466272,9.267265144845288,19.14955357827102,148.4706500481974,5.1412659695103695,Шэн пуэр
3.4452500472049215,8.105168665128991,20.906037512624344,54.04854033785182,8.81670244357274,Шу пуэр
4.477409759030937,13.715695321980641,17.401327071350053,152.136762325784,3.010804228369321,Шэн пуэр
4.459909870495512,11.785303015819155,19.814259606416552,157.70790893617954,3.262443135932056,Шэн пуэр
3.401219432232823,15.48701609237313,11.371498070549324,108.86711859003844,1.0,Тегуань инь
2.414689443403849,11.558499877304202,4.070942324316698,146.77752603108198,3.0029932911999557,Тегуань инь
4.478263733194063,10.4222362873093,21.3159381051311,135.66641178721014,2.5018896583519528,Шэн пуэр
3.5091804266784137,8.83077268664672,13.544941169273558,68.0648173749412,5.90968098974487,Да Хун Пао
3.9733377843778417,9.585781349118495,16.011775328562443,123.56909466175945,5.056609849041607,Шэн пуэр
3.619106506229899,7.589878102986083,17.231964848324097,83.23261953952635,5.420559914418301,Да Хун Пао
4.537473081720968,9.399568999817289,15.818319204427754,81.3426349964572,5.327028982272536,Да Хун Пао
3.70643260632338,10.008592520818063,14.970606566126282,86.633330930549,7.605483382793965,Да Хун Пао
3.6887868846580685,9.572397649945286,12.81604238454004,89.16113233694291,7.3869927299088385,Да Хун Пао
3.592965337654416,10.90149405485559,15.129834562545824,81.60732609258986,5.551710226355766,Да Хун Пао
3.119932268017031,9.153130080982905,10.483319439641676,109.39103205072804,3.97366351134409,Тегуань инь
4.494874861938529,12.029772302477268,19.020493368033797,166.71557688863442,3.53806481073297,Шэн пуэр
3.7491347852898667,8.774920051452208,13.87450663206265,76.65766736364183,6.632376192565799,Да Хун Пао
3.8548744190386115,7.143836276808747,15.541397564189527,91.68244575681547,5.927587661169456,Да Хун Пао
3.5767720550312667,6.699253561532774,20.06474020145406,44.98798469646461,9.290733177866823,Шу пуэр
4.102600506786452,6.085670723787304,17.93225494275118,58.9225345898456,6.635843338265932,Да Хун Пао
3.0670786646324046,11.330553753621679,7.982927916113784,135.88835608344482,3.54259446329196,Тегуань инь
2.846327181278539,13.669389266804725,9.10287158394329,146.9634174996696,2.4996389226031,Тегуань инь
3.6342715168286617,11.353510289018338,17.083081788609473,161.47215670891126,4.0315656672899145,Шэн пуэр
4.149124088250813,12.358358510910696,18.50025548182888,133.12387588170265,4.403588070281103,Шэн пуэр
3.10127236463968,11.76395244563398,12.225931783320528,94.14804888891874,1.677458866708321,Тегуань инь
2.558758111649203,9.117699713186063,9.379032047608112,103.60014213168927,2.8350622246037815,Тегуань инь
3.1096332193092233,9.997659350429847,10.262971633610904,125.9548695674826,3.0360599267977952,Тегуань инь
4.0533952293111115,12.83091922571637,22.88952447530098,113.60136692065332,3.4586856445643512,Шэн пуэр
2.560967399448899,12.401543536725494,10.895627433445421,126.9505470904903,2.4504473788699173,Тегуань инь
3.553622288985898,6.200430772916601,17.27951312481565,35.4254017193035,8.997749755495843,Шу пуэр
4.326108637752787,8.558120268309594,19.78919884274108,137.93176716586646,3.659493904968161,Шэн пуэр
3.587369425054214,6.6751118734062125,22.85065788694061,46.334335286880396,9.042631024437746,Шу пуэр
4.101052823120402,4.325523562913908,20.60310461362581,25.094531843402752,9.971006335959189,Шу пуэр
3.7913417020468736,6.507520561309483,19.36542654949512,28.92435128684338,9.616235396553312,Шу пуэр
3.728114853369606,7.782755944745492,15.553615397730294,122.21671179899242,4.638983072092531,Да Хун Пао
3.9432180902510106,6.905487603078357,18.433640276569665,35.01747205241492,9.705969746698816,Шу пуэр
3.94094747696149,10.044712736745486,15.874753933839296,105.31329559229958,7.800990600688737,Да Хун Пао
3.7135931068973154,5.114854644485757,18.938356343740704,39.179433447260934,8.451927066755177,Шу пуэр
3.599019267507536,12.497293522791397,11.159122284952955,82.47450233760517,2.911203552287499,Тегуань инь
3.0488259195315015,15.139082147102027,10.102284117104324,123.79327222454849,2.5435288557752775,Тегуань инь
3.8375131765124078,3.4841649063868734,19.386605424348126,28.474665106781313,8.566767343376979,Шу пуэр
3.6459091217855266,9.141511805157217,13.772167213893832,76.09657054155318,5.606947062413971,Да Хун Пао
2.8080745401750757,14.887657850730854,7.918827894975134,118.4486982963805,2.756103889822662,Тегуань инь
4.293813773782441,11.715021295362185,19.51539144255311,135.1769632301911,4.148178877871415,Шэн пуэр
3.7354266630271535,10.741905696203053,11.549216401061784,96.22175704442799,5.2726322593408685,Да Хун Пао
4.104398072826959,10.205633910987771,19.058079143010584,114.40044040498583,5.2004203999102,Шэн пуэр
4.355097141648343,11.996977376501897,21.172651833746066,156.64136283788085,4.254554125512724,Шэн пуэр
3.2133679739378564,13.490378718234705,11.800369128039927,110.57900874411939,2.355632879786977,Тегуань инь
4.041944041203847,9.82626577507497,19.086900048702915,144.77717100194872,3.982566103050991,Шэн пуэр
3.140252802675614,12.84876934058125,11.58161224338016,125.1118711200316,1.9549562904136977,Тегуань инь
3.039082356441866,11.788424098809365,8.261905504270436,116.6185282615785,3.0013398467544867,Тегуань инь
3.2229762513610325,11.546440719227606,6.627063697531796,108.8085261502123,2.0452081828691786,Тегуань инь
3.3132379542003343,6.911849677542457,20.463320888473035,19.094912734507425,9.765955452726233,Шу пуэр
3.9420834176759287,7.940118040341328,16.74783102274697,56.02693100866448,8.913295299157877,Шу пуэр
2.6326592904838497,10.074445659678558,12.996748880593465,118.6818488637657,3.3653637420637676,Тегуань инь
4.377096171895917,14.101093790064306,20.735551041052364,128.76966689945064,5.606361150630718,Шэн пуэр
3.161434631101178,11.472255144032228,6.873044104262624,116.16251892988765,1.1893813200196053,Тегуань инь
4.664617667538859,10.727896914757011,15.85228213892823,144.08500101692493,1.0,Шэн пуэр
2.5628532540433,13.554890424656739,10.59283600161732,125.16907357125537,3.1096477545740084,Тегуань инь
3.809453174333671,10.615059918210955,18.05511957585515,129.52620954705708,4.522995328247328,Шэн пуэр
3.697366403129954,7.696978442205495,19.48258819662854,32.980355300135614,9.834525547369058,Шу пуэр
3.749967279799404,10.475005630712216,15.744697359923537,76.52829803466814,5.273075041069843,Да Хун Пао
3.474189634089756,8.94154621694858,16.003667939098815,94.04600625521971,6.280854348725522,Да Хун Пао
3.6243864494080866,9.214423072859299,14.510164087735516,60.36357421418022,5.8992220840540135,Да Хун Пао
3.7536449325445562,5.5740141156265794,19.348603779852542,25.08497337257321,9.927742399551205,Шу пуэр
3.4663867236922394,10.358751406453278,16.326991628612948,90.5628551768475,5.108470545327964,Да Хун Пао
3.9550377971417743,4.875713865212678,18.762106894817272,30.011834333193455,8.915480118488526,Шу пуэр
3.528557749035673,7.588334683952676,12.170847443345297,47.93749105879118,6.228460681732321,Да Хун Пао
3.2826166845446827,1.9036744733008462,18.719019856289147,54.6937801173396,7.686832281800063,Шу пуэр
3.4657370324666488,9.425233432093503,17.95094217417399,35.584784147091256,9.089592767368435,Шу пуэр
4.503498124111994,11.387618827919749,18.042943010484468,151.29818097241798,3.656744238163134,Шэн пуэр
3.980397620128286,11.747503442477816,18.894775813889222,141.7715519750969,1.642512541012684,Шэн пуэр
3.844872270881942,9.842989574646696,18.26059850958245,133.6597552272151,4.666287282513144,Шэн пуэр
3.67806640847167,2.517844675716388,25.619137940192786,47.1490445098597,8.544518751145183,Шу пуэр
3.422244558394115,12.627796609283331,9.509878697618595,126.77652901411476,2.513805869300953,Тегуань инь
2.782432180639274,7.799490984273051,9.964874347045107,125.95549950023236,2.6367393524311944,Тегуань инь
3.685988581342341,9.195663875064138,11.723346546078115,87.73937715151766,5.747277687426942,Да Хун Пао
3.420670891646836,13.13939532530671,11.094484906475707,80.2759132335698,6.247006707484174,Да Хун Пао
3.4028045673510707,8.291188983758394,22.14260907785923,50.97238611911402,9.980190871671821,Шу пуэр
4.050613098170669,8.4697762416091,13.387595842056903,109.11300408772803,5.258981420221105,Да Хун Пао
4.128799625067632,4.30704561209781,16.21365767752379,42.26382290209744,6.968380431336973,Шу пуэр
4.569593820979507,10.71682790087276,19.200285824920154,164.6324253789561,3.3276841336795853,Шэн пуэр
3.7968303264926,11.651263300288969,16.834586355426367,144.775388398621,1.349776452701824,Шэн пуэр
2.938368732639711,12.419180436246902,11.082263221609063,120.2097783279794,3.7007231568595857,Тегуань инь
3.5175387193310597,8.036539980064958,14.008265765309732,92.94726108056209,7.676594798245697,Да Хун Пао
3.225252956811069,5.633192649975814,21.085716448955193,58.88672274002104,8.955004792356993,Шу пуэр
2.6880047681278514,12.614799991692918,11.790369963943371,115.51102944172115,2.2707130636263386,Тегуань инь
4.340918201920514,10.338328160911665,20.63614018654897,117.49369396669238,2.328940915161545,Шэн пуэр
4.09274096743364,9.270206584536224,19.862108985199303,173.6275670001648,2.2884606248167767,Шэн пуэр
3.8138174415731343,8.344028847484365,14.398476082498478,89.71420965829343,6.113370538025223,Да Хун Пао
3.1370325712672233,14.720211179898099,5.18015606840025,125.93900811646236,3.243752480401648,Тегуань инь
2.9853844794209645,12.288343067970736,8.04808236777019,140.55811482921197,2.325787538275491,Тегуань инь
3.1847938267726486,10.00122476805394,6.868481855638971,120.17168158637199,2.4720823626756863,Тегуань инь
3.919103617486412,9.263470802579583,18.226206898697495,122.19015336406588,4.715005810993573,Шэн пуэр
4.071577820448186,10.350266873818201,13.459206888393282,66.85152763725205,6.545878837739146,Да Хун Пао
3.7763452239184376,6.656145068387044,17.965551317796717,47.615926774573786,8.423151526851687,Шу пуэр
3.9401543752127126,6.4262870102184495,20.430605259883023,56.21284307426307,8.589466011984985,Шу пуэр
3.1619036269397407,11.245640367147756,19.58193548794516,40.94047454855071,10.0,Шу пуэр
2.970454354647173,12.547860112254467,10.498072244613883,120.53364715476937,3.0085056267231534,Тегуань инь
3.435858632572853,5.180049878993825,18.198615632574647,47.017296743644856,9.843936891553355,Шу пуэр
4.7372695713698745,14.58997129042593,18.07117636153764,128.52355809653875,5.255158416704723,Шэн пуэр
4.140070610862687,9.012972708677466,13.419868452125497,96.31181930222697,7.381279015558926,Да Хун Пао
4.192953326627023,6.814569154163266,15.924542984530564,51.7703307419753,8.030199604884926,Шу пуэр
3.928070682216851,9.841116774849496,20.53236793370057,136.45729546651026,3.1499758322877045,Шэн пуэр
2.971721233724233,12.659756533027014,12.375450186523873,142.18911766011345,1.998708567243456,Тегуань инь
3.33817236209041,11.000411006125772,9.827798696357902,129.55359425058316,1.3449046568148162,Тегуань инь
4.0508677519190055,4.857336304851378,19.07574584965511,37.406933763348455,9.366332933650044,Шу пуэр
3.636865158694183,8.72076547884168,11.967966941183557,80.97414631326114,6.968245592371294,Да Хун Пао
3.174029642122823,7.752874329091156,20.39927003582303,52.69456093461594,9.668555343256736,Шу пуэр
3.6119156955302536,5.66090857092411,23.41218351625528,38.95301821356793,9.908393297267304,Шу пуэр
3.279471903862273,13.960591494079427,6.768683321358644,141.54452634844935,5.457424092075891,Тегуань инь
3.7851785489104124,15.09776964117756,14.922778986855183,152.72774158082757,4.187467672172528,Шэн пуэр
4.1085233487182515,9.112535039310334,17.529473476479335,138.42820019528284,3.4361253234475413,Шэн пуэр
4.2921062281694935,10.76191441422696,15.67122985577249,66.44181065628688,7.42309514951162,Да Хун Пао
4.668105278962337,10.830802206388187,17.104627328721648,149.63229428448895,4.580622619446985,Шэн пуэр
3.7332828590835607,5.070280664110501,18.42804678413729,26.147803301000444,8.899702332556592,Шу пуэр
4.298223328559263,13.092433408427592,19.431397427771905,137.65904748767147,4.586582337333482,Шэн пуэр
4.16531755623534,10.942217350625004,13.46927978337149,74.4444408550834,6.1615246521538465,Да Хун Пао
4.843034047433094,12.549111540206534,16.61623737811625,152.01767558422594,2.0526948343101834,Шэн пуэр
2.559886426382703,12.817138042755653,6.280329186908743,139.7221180725886,2.469023495444285,Тегуань инь
3.860403455964476,6.367576707262526,14.51298395688708,77.5741849543813,6.7173484576086775,Да Хун Пао
4.320524675795924,10.84115818947242,14.594614717729272,145.82827521918824,3.5556905478043164,Шэн пуэр
4.198446986268739,8.243084981813595,18.94361815211094,77.38738156668202,4.743945207131961,Да Хун Пао
3.2730569837761054,5.819468583365902,12.037801265063571,70.22938564898672,4.78728120095741,Да Хун Пао
3.495278379669375,12.770202793250851,9.150452544413817,132.9895295762573,2.8590121025555812,Тегуань инь
3.9164230344379876,12.057063791140713,20.59571840055854,166.91347668992879,3.1497926248609422,Шэн пуэр
3.541405293405987,11.104686196326309,13.163463219272382,79.43367448327204,4.773231265448364,Да Хун Пао
3.451160301010218,6.175687186491793,21.53971378611071,43.514475405653464,9.036480755614232,Шу пуэр
3.733521149000569,10.565416362050083,11.003920449217906,101.05205577151256,6.561541154619645,Да Хун Пао
3.619561756532298,7.749962564534364,18.719543868659223,81.61173054045975,6.510707949213514,Да Хун Пао
2.740250665292027,13.048779435577872,7.511056424797849,115.21340104483653,3.1183479133882046,Тегуань инь
3.4427718618996352,8.029238570956359,17.319287583957593,23.505124812334877,8.0923824938994,Шу пуэр
3.9076869321954413,7.858204211654018,16.356901700636662,72.40746099961498,6.717725608750063,Да Хун Пао
3.8552522128384092,6.646494291147714,20.687878141783113,124.13185603203688,2.534108504966462,Шэн пуэр
3.659040425234128,13.195844408804525,11.300265175408567,96.18973484648181,6.899999664429734,Да Хун Пао
3.260926703210993,8.38526411197471,18.68725821290378,46.510147351751606,9.675144659894897,Шу пуэр
2.7957211366788175,12.569689671011954,8.22460868857088,140.38830900443418,3.316047870644286,Тегуань инь
3.6211862062206834,3.9357022520986065,19.98576628974297,45.695313709209756,9.0559393501324,Шу пуэр
3.607195826813188,5.704883699951406,18.827896720048884,33.486993501116714,7.083402532481789,Шу пуэр
2.7104649713302886,9.332066284602924,6.616074701660473,108.72366228279749,1.81292957362563,Тегуань инь
3.3200751652643405,8.157335705730048,17.306394902440868,48.47730068214654,7.721911637288197,Шу пуэр
3.5991558784422515,10.536827806521789,23.938392073385636,148.63020997711354,6.0650242577008555,Шэн пуэр
2.9461442360152197,12.591591604108466,9.508476999974198,133.29590939351928,4.007510770986559,Тегуань инь
3.5282549174696936,7.952127289673939,20.533472335953284,34.7271289728506,8.385915224655632,Шу пуэр
3.4124559947709594,11.676314535702241,19.00054020817636,164.3538076695933,2.6716047945368904,Шэн пуэр
3.8782811970688953,9.236917861661514,14.165680238605868,49.50132311541024,7.558649200265946,Шу пуэр
3.493194417402306,8.659308596954403,21.090646523934122,27.910095867523037,8.298233053733217,Шу пуэр
3.3419853824161376,4.686761050555837,17.005253659810926,52.28145925521163,8.81141386699399,Шу пуэр
4.425127066321073,11.009335607586236,18.63177413576567,113.91776806218603,5.600875123677092,Шэн пуэр
2.6666017157814284,7.456418359782439,20.079387053195124,30.959209554546664,10.0,Шу пуэр
3.589974791106233,12.398263148753038,15.09333406523297,49.663294159347814,6.402440753343521,Да Хун Пао
2.88305705905327,12.19418479981746,13.221873990023788,123.38339759265271,2.1057926480205227,Тегуань инь
3.3713553697321164,4.976936103782401,15.353229103553051,74.62905995643239,6.314746305589588,Да Хун Пао
3.892080463765442,12.318751219637884,17.82023733689239,139.37123026737842,4.180335340663913,Шэн пуэр
2.7283562833919817,14.656708286496317,6.450075880715744,134.53496805413786,4.2419599968138115,Тегуань инь
3.6214565262907126,7.371338593276434,18.76761452001861,27.863110225884405,8.885222050998077,Шу пуэр
3.003748235618306,12.56161704879224,8.325073191829615,141.41227925526758,1.4563747974779184,Тегуань инь
4.035595518267418,7.844859047625719,19.427267728269648,49.16267374616281,7.157615537969328,Шу пуэр
2.9366033702102277,8.141319609517758,21.49454410228691,46.10895840603203,8.097888861818948,Шу пуэр
2.9016980716914116,9.988708596618705,9.578619971273687,119.46583895714863,1.0,Тегуань инь
3.114081999474891,4.949375357748874,20.47677674967485,40.1691654492799,8.559492139152006,Шу пуэр
3.0537826904868948,14.39212906278658,10.06421534794187,104.88160575564683,3.0031085501856367,Тегуань инь
3.24295687941795,7.045067551297538,14.574581522072727,87.28533438785773,4.147272138309722,Да Хун Пао
2.9445412909364217,10.701195539622875,8.059700960697175,145.93493011328556,3.339875361192704,Тегуань инь
4.057163106066984,6.894583198156045,12.852660618283162,56.280338277335105,5.949525927218578,Да Хун Пао
2.660013835798956,11.656828096490713,9.86403948803119,141.56665409874694,1.8853830369320732,Тегуань инь
2.7149933835268256,12.421921606857653,11.525852964673874,125.04874689908152,1.644186028873446,Тегуань инь
3.9610896961752933,3.7175749496808055,19.09723109807121,40.220202098345666,9.416368148138956,Шу пуэр
3.835599501807432,12.005787862527965,19.70492499437743,141.4638989127772,2.4040428403937826,Шэн пуэр
3.474965365032022,7.152384586791766,23.20845820937003,40.26001943726961,8.04198839929877,Шу пуэр
2.893120808681572,10.97230140926077,12.548894433882477,133.62902039838167,3.598347047074883,Тегуань инь
